loan_id,book_id,reader_id,loan_date,due_date,return_date,status,title,author_id,genre_id,publisher_id,publish_year,isbn,total_copies,genre_name,first_name,last_name,email,phone,registration_date,reader_name
1,11,47,2024-08-15,2024-08-29,2024-08-29,returned,Мотоцикл умолять,14,7,3,2002,978-1-65375-564-6,9,Нон-фикшн,Фирс,Зыков,dorofe_77@example.com,8 629 619 43 11,2024-12-21,Фирс Зыков
2,66,114,2025-09-11,2025-09-25,,overdue,Металл блин,12,1,7,1971,978-1-113-82675-6,5,Фантастика,Фока,Владимиров,korlov@example.net,+7 277 561 85 37,2026-05-12,Фока Владимиров
3,45,26,2025-10-20,2025-11-03,2025-10-31,returned,Медицина место салон,15,9,1,1984,978-1-77378-263-8,1,Ужасы,Ольга,Игнатова,arseni1977@example.com,+76287334270,2025-04-16,Ольга Игнатова
4,73,61,2025-12-25,2026-01-08,2026-01-18,returned,Мальчишка жить приходить,20,1,6,1965,978-1-02-681177-1,5,Фантастика,Родион,Щербакова,eliseevaviktorija@example.net,86561014388,2025-10-19,Родион Щербакова
5,24,55,2025-11-14,2025-11-28,,overdue,Соответствие порт,8,8,7,2009,978-1-57444-313-4,7,Поэзия,Викентий,Филиппова,ohohlov@example.org,8 (569) 245-93-75,2024-07-04,Викентий Филиппова
6,61,43,2025-03-29,2025-04-12,2025-04-17,returned,Неожиданный витрина,8,1,4,2020,978-1-62328-588-3,3,Фантастика,Адам,Кононов,ippolit1972@example.net,+7 489 025 03 92,2024-07-30,Адам Кононов
7,57,117,2026-01-23,2026-02-06,2026-02-16,returned,Ведь поговорить,2,4,8,2019,978-1-4743-6713-4,10,Классика,Феофан,Стрелкова,kliment_2026@example.net,8 788 317 12 10,2024-06-27,Феофан Стрелкова
8,79,49,2024-11-01,2024-11-15,2024-11-12,returned,Способ левый гулять,13,2,8,1984,978-1-5271-1116-5,2,Детектив,Филипп,Ларионов,bjakovlev@example.net,8 (541) 212-67-88,2025-05-19,Филипп Ларионов
9,6,139,2025-08-19,2025-09-02,2025-09-04,returned,Увеличиваться спичка мотоцикл хлеб,5,10,2,1995,978-0-16-658760-7,10,Биография,Радислав,Воробьев,reginanikitina@example.net,+7 629 620 1533,2025-02-02,Радислав Воробьев
10,61,13,2024-09-28,2024-10-12,2024-10-12,returned,Неожиданный витрина,8,1,4,2020,978-1-62328-588-3,3,Фантастика,Аверьян,Большакова,ninatarasova@example.org,+7 878 519 10 88,2026-03-13,Аверьян Большакова
11,61,131,2025-04-28,2025-05-12,2025-05-12,returned,Неожиданный витрина,8,1,4,2020,978-1-62328-588-3,3,Фантастика,Кир,Медведев,antoninloginov@example.com,8 452 267 5289,2024-07-23,Кир Медведев
12,63,18,2025-03-12,2025-03-26,2025-03-26,returned,Намерение академик степь,13,1,2,1970,978-1-85160-481-4,10,Фантастика,Всеслав,Козлова,galaktion_20@example.com,+7 (265) 676-61-82,2025-04-27,Всеслав Козлова
13,56,31,2025-12-20,2026-01-03,,overdue,Пропадать падать,3,6,10,2001,978-1-07-482175-3,6,Триллер,Твердислав,Веселова,nazarovmiroslav@example.org,+76785445877,2025-08-18,Твердислав Веселова
14,77,64,2026-06-10,2026-06-24,2026-06-21,returned,Сустав потом конструкция,6,9,4,2018,978-1-896118-36-9,6,Ужасы,Бронислав,Селезнев,nikon_54@example.org,8 738 757 1775,2024-12-06,Бронислав Селезнев
15,78,21,2025-03-13,2025-03-27,2025-03-29,returned,Идея сутки,15,10,9,2013,978-0-657-66156-4,7,Биография,Корнил,Ильин,sokolovisa@example.org,+7 (106) 903-3119,2026-03-13,Корнил Ильин
16,57,53,2025-02-28,2025-03-14,2025-03-16,returned,Ведь поговорить,2,4,8,2019,978-1-4743-6713-4,10,Классика,Панкратий,Елисеева,smironov@example.com,+76471543799,2024-05-28,Панкратий Елисеева
17,31,68,2026-01-01,2026-01-15,2026-01-16,returned,Князь пропасть передо,11,4,4,2006,978-1-74964-990-3,5,Классика,Поликарп,Селиверстова,iraida73@example.org,+71918255371,2025-11-02,Поликарп Селиверстова
18,68,81,2026-02-13,2026-02-27,,overdue,Госпожа недостаток,12,7,8,1999,978-1-7351585-0-1,7,Нон-фикшн,Бажен,Кондратьева,mechislav_1978@example.net,+72232536729,2024-06-15,Бажен Кондратьева
19,66,3,2025-01-03,2025-01-17,2025-01-16,returned,Металл блин,12,1,7,1971,978-1-113-82675-6,5,Фантастика,Христофор,Титова,praskovja73@example.net,8 (120) 826-77-34,2024-01-14,Христофор Титова
20,66,138,2024-12-04,2024-12-18,2024-12-19,returned,Металл блин,12,1,7,1971,978-1-113-82675-6,5,Фантастика,Роман,Воробьева,nina2019@example.org,8 262 181 5997,2025-03-17,Роман Воробьева
21,50,90,2025-09-15,2025-09-29,,overdue,Издали пересечь,18,2,5,2011,978-1-187-02621-2,7,Детектив,Милий,Романов,glafiraprohorova@example.net,+72622189092,2023-09-27,Милий Романов
22,37,95,2026-07-09,2026-07-23,2026-08-02,returned,Еврейский,3,4,4,1998,978-0-906594-01-8,6,Классика,Варфоломей,Кошелева,svjatopolk36@example.com,+7 805 526 96 58,2025-07-03,Варфоломей Кошелева
23,33,78,2024-09-23,2024-10-07,2024-10-04,returned,Низкий вздрогнуть,5,9,6,1968,978-0-679-74034-6,3,Ужасы,Мариан,Гордеева,stepan1997@example.com,8 171 339 5962,2023-10-28,Мариан Гордеева
24,45,77,2026-04-27,2026-05-11,,overdue,Медицина место салон,15,9,1,1984,978-1-77378-263-8,1,Ужасы,Ефрем,Бобров,golubevleonid@example.com,+7 783 613 4074,2025-07-20,Ефрем Бобров
25,34,35,2026-01-05,2026-01-19,2026-01-18,returned,Передо пробовать заработать,7,2,1,2002,978-1-134-93618-2,5,Детектив,Федот,Быкова,olga05@example.org,8 228 728 0801,2025-01-16,Федот Быкова
26,45,40,2025-04-15,2025-04-29,2025-04-29,returned,Медицина место салон,15,9,1,1984,978-1-77378-263-8,1,Ужасы,Оксана,Николаева,terentevratmir@example.org,+7 567 933 41 01,2026-07-27,Оксана Николаева
27,75,53,2026-01-20,2026-02-03,2026-02-04,returned,Ремень конструкция,18,5,4,2020,978-0-7661-7711-6,9,Фэнтези,Панкратий,Елисеева,smironov@example.com,+76471543799,2024-05-28,Панкратий Елисеева
28,55,126,2024-11-26,2024-12-10,2024-12-07,returned,Неожиданно поколение,7,8,10,2015,978-1-937923-74-7,5,Поэзия,Артем,Никифоров,hristofor58@example.net,8 (039) 652-2395,2024-03-03,Артем Никифоров
29,73,109,2026-02-21,2026-03-07,,overdue,Мальчишка жить приходить,20,1,6,1965,978-1-02-681177-1,5,Фантастика,Семен,Громова,ilarion1984@example.net,+7 603 850 5064,2023-10-27,Семен Громова
30,48,1,2026-01-01,2026-01-15,2026-01-15,returned,Тюрьма парень разуметься,13,1,9,1982,978-1-339-63605-4,4,Фантастика,Евфросиния,Стрелков,ninelsoloveva@example.com,+77338484219,2024-01-22,Евфросиния Стрелков
31,57,42,2025-08-31,2025-09-14,,overdue,Ведь поговорить,2,4,8,2019,978-1-4743-6713-4,10,Классика,Поликарп,Артемьев,leonid_86@example.net,8 918 033 9740,2024-01-10,Поликарп Артемьев
32,45,110,2025-02-27,2025-03-13,2025-03-12,returned,Медицина место салон,15,9,1,1984,978-1-77378-263-8,1,Ужасы,Ростислав,Сазонов,anisim_04@example.com,+7 383 670 24 10,2024-04-20,Ростислав Сазонов
33,66,39,2026-07-15,2026-07-29,2026-07-31,returned,Металл блин,12,1,7,1971,978-1-113-82675-6,5,Фантастика,Никон,Виноградова,akulina1982@example.org,+7 823 398 45 46,2025-09-12,Никон Виноградова
34,6,142,2025-07-01,2025-07-15,2025-07-15,returned,Увеличиваться спичка мотоцикл хлеб,5,10,2,1995,978-0-16-658760-7,10,Биография,Модест,Носова,mina_2015@example.net,+7 (103) 241-7146,2024-07-14,Модест Носова
35,48,79,2025-06-20,2025-07-04,2025-07-01,returned,Тюрьма парень разуметься,13,1,9,1982,978-1-339-63605-4,4,Фантастика,Элеонора,Филатов,gusevlukjan@example.net,82330958498,2025-02-20,Элеонора Филатов
36,16,54,2025-06-07,2025-06-21,2025-06-20,returned,Спасть кожа,8,6,5,1993,978-0-491-90586-2,2,Триллер,Корнил,Дмитриева,prokofi_05@example.net,+7 (712) 406-5965,2025-06-27,Корнил Дмитриева
37,16,144,2026-03-05,2026-03-19,,overdue,Спасть кожа,8,6,5,1993,978-0-491-90586-2,2,Триллер,Бажен,Осипова,fedosi43@example.com,8 (047) 743-49-02,2024-11-22,Бажен Осипова
38,2,40,2025-11-05,2025-11-19,,overdue,Степь ребятишки сбросить,1,7,4,1963,978-0-8317-2788-8,6,Нон-фикшн,Оксана,Николаева,terentevratmir@example.org,+7 567 933 41 01,2026-07-27,Оксана Николаева
39,31,42,2025-05-03,2025-05-17,,overdue,Князь пропасть передо,11,4,4,2006,978-1-74964-990-3,5,Классика,Поликарп,Артемьев,leonid_86@example.net,8 918 033 9740,2024-01-10,Поликарп Артемьев
40,13,106,2026-01-25,2026-02-08,2026-02-10,returned,Угодный тяжелый мягкий,1,3,8,1974,978-0-330-92327-9,3,Роман,Демьян,Воробьева,evgraf_27@example.net,8 180 238 0617,2024-10-26,Демьян Воробьева
41,2,64,2025-09-29,2025-10-13,2025-10-12,returned,Степь ребятишки сбросить,1,7,4,1963,978-0-8317-2788-8,6,Нон-фикшн,Бронислав,Селезнев,nikon_54@example.org,8 738 757 1775,2024-12-06,Бронислав Селезнев
42,39,10,2025-12-18,2026-01-01,,overdue,Жить мрачно,4,6,4,1999,978-1-71756-551-8,3,Триллер,Николай,Одинцова,moke2007@example.org,89045301742,2026-05-24,Николай Одинцова
43,18,52,2026-07-15,2026-07-29,,overdue,Ремень рай,20,4,10,1973,978-0-628-49877-9,9,Классика,Алла,Орлов,lev79@example.net,8 224 447 21 26,2023-12-27,Алла Орлов
44,68,90,2025-09-08,2025-09-22,2025-09-22,returned,Госпожа недостаток,12,7,8,1999,978-1-7351585-0-1,7,Нон-фикшн,Милий,Романов,glafiraprohorova@example.net,+72622189092,2023-09-27,Милий Романов
45,18,7,2025-03-31,2025-04-14,2025-04-19,returned,Ремень рай,20,4,10,1973,978-0-628-49877-9,9,Классика,Леон,Авдеева,hnovikova@example.com,+7 527 420 54 93,2025-05-10,Леон Авдеева
46,67,72,2026-05-28,2026-06-11,,overdue,Домашний головка экзамен,6,5,7,1990,978-0-617-96405-6,8,Фэнтези,Богдан,Петухов,kornil_1990@example.org,86627828274,2024-06-05,Богдан Петухов
47,69,90,2026-05-24,2026-06-07,2026-06-12,returned,Полоска лиловый,12,4,1,1988,978-1-317-13900-3,8,Классика,Милий,Романов,glafiraprohorova@example.net,+72622189092,2023-09-27,Милий Романов
48,17,85,2026-01-02,2026-01-16,,overdue,Печатать инфекция умирать,17,9,9,1964,978-0-85067-165-0,6,Ужасы,Тарас,Шаров,lora_35@example.net,8 (500) 170-12-77,2025-10-03,Тарас Шаров
49,36,67,2025-03-26,2025-04-09,2025-04-10,returned,Хотеть устройство магазин,4,2,9,1975,978-1-174-64887-8,6,Детектив,Илья,Ширяева,fevronija47@example.org,8 093 796 60 33,2024-03-08,Илья Ширяева
50,46,28,2024-10-24,2024-11-07,2024-11-09,returned,Господь дошлый парень,18,1,6,2013,978-0-465-84044-1,2,Фантастика,Демид,Савельева,gavrilakalinin@example.com,+7 751 830 46 99,2026-07-18,Демид Савельева
51,40,112,2025-08-10,2025-08-24,2025-08-23,returned,Рота порода монета,12,5,1,2012,978-1-67468-071-2,3,Фэнтези,Феоктист,Владимиров,gorbunovvsevolod@example.com,+7 990 623 44 56,2024-07-08,Феоктист Владимиров
52,42,148,2024-11-17,2024-12-01,2024-11-28,returned,Металл назначить ложиться,20,6,1,2011,978-0-85977-034-7,7,Триллер,Чеслав,Тимофеев,natan_1996@example.com,+7 (061) 632-94-51,2025-04-18,Чеслав Тимофеев
53,14,1,2026-03-08,2026-03-22,2026-03-22,returned,Казнь райком набор,3,7,9,1993,978-0-7452-9912-9,8,Нон-фикшн,Евфросиния,Стрелков,ninelsoloveva@example.com,+77338484219,2024-01-22,Евфросиния Стрелков
54,26,111,2025-02-26,2025-03-12,2025-03-14,returned,Забирать тута художественный отъезд,19,6,8,1992,978-0-343-52408-1,10,Триллер,Раиса,Волкова,konon2006@example.org,+7 (865) 719-1826,2026-01-15,Раиса Волкова
55,78,81,2026-02-24,2026-03-10,2026-03-09,returned,Идея сутки,15,10,9,2013,978-0-657-66156-4,7,Биография,Бажен,Кондратьева,mechislav_1978@example.net,+72232536729,2024-06-15,Бажен Кондратьева
56,25,130,2026-04-29,2026-05-13,2026-05-18,returned,Счастье находить решение,15,5,6,1984,978-0-8233-7498-4,9,Фэнтези,Лазарь,Моисеева,kirillovaolimpiada@example.com,+7 (921) 851-56-91,2023-08-24,Лазарь Моисеева
57,44,104,2025-10-18,2025-11-01,2025-11-01,returned,Правление рот человечек мелькнуть,2,5,2,1976,978-1-131-71274-1,3,Фэнтези,Валерия,Карпова,kalininamarija@example.net,8 (000) 307-5622,2026-07-16,Валерия Карпова
58,53,108,2026-03-25,2026-04-08,2026-04-13,returned,Экзамен приходить,12,3,9,1996,978-1-240-05045-1,3,Роман,Агата,Веселова,tarasovamarfa@example.net,+79375973832,2025-04-02,Агата Веселова
59,13,146,2026-07-19,2026-08-02,2026-07-30,returned,Угодный тяжелый мягкий,1,3,8,1974,978-0-330-92327-9,3,Роман,Будимир,Рябова,milen2008@example.net,8 879 374 16 08,2025-10-27,Будимир Рябова
60,25,74,2024-12-30,2025-01-13,2025-01-15,returned,Счастье находить решение,15,5,6,1984,978-0-8233-7498-4,9,Фэнтези,Леонид,Сорокин,medvedevvisheslav@example.org,8 887 676 77 21,2023-11-08,Леонид Сорокин
61,9,114,2026-01-19,2026-02-02,2026-02-02,returned,Встать следовательно,3,8,2,2004,978-1-06-562729-6,2,Поэзия,Фока,Владимиров,korlov@example.net,+7 277 561 85 37,2026-05-12,Фока Владимиров
62,60,122,2026-07-09,2026-07-23,,overdue,Остановить вперед,3,8,7,1987,978-0-04-709521-4,1,Поэзия,Агата,Лыткин,lorabragina@example.com,8 (687) 014-62-63,2023-09-11,Агата Лыткин
63,7,22,2025-12-31,2026-01-14,2026-01-16,returned,Металл,4,3,2,1968,978-1-69096-705-7,5,Роман,Макар,Мясников,taisijasubbotina@example.net,+7 790 306 7383,2026-07-03,Макар Мясников
64,73,61,2024-10-18,2024-11-01,2024-11-01,returned,Мальчишка жить приходить,20,1,6,1965,978-1-02-681177-1,5,Фантастика,Родион,Щербакова,eliseevaviktorija@example.net,86561014388,2025-10-19,Родион Щербакова
65,70,38,2025-01-29,2025-02-12,2025-02-12,returned,Механический привлекать грустный вскакивать,7,3,2,1985,978-0-293-18393-2,10,Роман,Аскольд,Богданова,angelina_27@example.net,+7 084 840 8621,2024-10-19,Аскольд Богданова
66,19,19,2025-05-12,2025-05-26,2025-05-26,returned,Белье холодно,1,8,7,2015,978-1-5314-7379-2,6,Поэзия,Таисия,Антонов,irina2026@example.org,8 128 682 3004,2024-03-21,Таисия Антонов
67,42,127,2025-01-30,2025-02-13,2025-02-13,returned,Металл назначить ложиться,20,6,1,2011,978-0-85977-034-7,7,Триллер,Рюрик,Степанов,selivan_2018@example.net,8 905 992 9378,2026-05-12,Рюрик Степанов
68,1,28,2026-03-11,2026-03-25,,overdue,Кольцо основание,4,1,5,1988,978-1-320-16328-6,7,Фантастика,Демид,Савельева,gavrilakalinin@example.com,+7 751 830 46 99,2026-07-18,Демид Савельева
69,18,46,2025-07-02,2025-07-16,,overdue,Ремень рай,20,4,10,1973,978-0-628-49877-9,9,Классика,Лонгин,Носов,cpanfilova@example.com,89650477358,2025-06-29,Лонгин Носов
70,65,119,2025-05-25,2025-06-08,2025-06-08,returned,Командующий мера возникновение,15,8,6,2002,978-0-17-461200-1,2,Поэзия,Александра,Федосеев,martjan_85@example.org,+7 137 215 1070,2026-05-19,Александра Федосеев
71,41,117,2025-02-28,2025-03-14,2025-03-24,returned,Самостоятельно инструкция слишком,12,2,2,2001,978-1-5168-0876-2,10,Детектив,Феофан,Стрелкова,kliment_2026@example.net,8 788 317 12 10,2024-06-27,Феофан Стрелкова
72,15,144,2025-11-07,2025-11-21,2025-12-01,returned,Неправда куча руководитель пропадать,7,9,3,1982,978-0-904966-31-2,4,Ужасы,Бажен,Осипова,fedosi43@example.com,8 (047) 743-49-02,2024-11-22,Бажен Осипова
73,74,130,2025-03-26,2025-04-09,2025-04-19,returned,Новый коробка,6,10,2,1991,978-0-7839-0847-2,4,Биография,Лазарь,Моисеева,kirillovaolimpiada@example.com,+7 (921) 851-56-91,2023-08-24,Лазарь Моисеева
74,3,122,2025-08-05,2025-08-19,2025-08-19,returned,Вряд увеличиваться кольцо,9,3,1,1984,978-1-9868-7277-5,7,Роман,Агата,Лыткин,lorabragina@example.com,8 (687) 014-62-63,2023-09-11,Агата Лыткин
75,69,134,2026-06-02,2026-06-16,2026-06-16,returned,Полоска лиловый,12,4,1,1988,978-1-317-13900-3,8,Классика,Милован,Орлова,drozdovavalerija@example.org,+7 (513) 552-15-70,2024-11-27,Милован Орлова
76,69,113,2024-11-09,2024-11-23,2024-11-24,returned,Полоска лиловый,12,4,1,1988,978-1-317-13900-3,8,Классика,Синклитикия,Петров,taisija_65@example.org,8 574 313 2912,2024-07-19,Синклитикия Петров
77,31,70,2025-08-10,2025-08-24,2025-08-23,returned,Князь пропасть передо,11,4,4,2006,978-1-74964-990-3,5,Классика,Олег,Данилова,bojan2025@example.net,8 792 499 1251,2023-09-24,Олег Данилова
78,54,39,2024-09-20,2024-10-04,2024-10-04,returned,Увеличиваться плод лететь,19,2,3,1986,978-1-238-69222-9,6,Детектив,Никон,Виноградова,akulina1982@example.org,+7 823 398 45 46,2025-09-12,Никон Виноградова
79,80,17,2026-06-13,2026-06-27,2026-06-29,returned,Поколение житель роскошный,9,3,3,2009,978-1-280-98851-6,5,Роман,Тамара,Селиверстов,aleksefilippov@example.org,+7 651 801 7046,2024-10-11,Тамара Селиверстов
80,33,120,2025-12-15,2025-12-29,2025-12-29,returned,Низкий вздрогнуть,5,9,6,1968,978-0-679-74034-6,3,Ужасы,Ярополк,Русакова,erastpanfilov@example.com,+7 (966) 706-62-53,2025-05-08,Ярополк Русакова
81,5,100,2025-11-06,2025-11-20,,overdue,Идея разнообразный миллиард ныне,8,7,10,2002,978-1-55812-236-9,5,Нон-фикшн,Эраст,Котова,natalja_56@example.org,89042102027,2025-02-04,Эраст Котова
82,6,6,2025-08-11,2025-08-25,,overdue,Увеличиваться спичка мотоцикл хлеб,5,10,2,1995,978-0-16-658760-7,10,Биография,Галина,Овчинникова,roman2022@example.com,8 478 872 8743,2025-01-26,Галина Овчинникова
83,4,98,2025-09-02,2025-09-16,2025-09-18,returned,Пространство пастух спорт,8,10,4,2011,978-0-487-34714-0,1,Биография,Евстафий,Сидоров,elizar1993@example.net,+7 (414) 183-28-56,2026-02-07,Евстафий Сидоров
84,25,100,2024-11-11,2024-11-25,,overdue,Счастье находить решение,15,5,6,1984,978-0-8233-7498-4,9,Фэнтези,Эраст,Котова,natalja_56@example.org,89042102027,2025-02-04,Эраст Котова
85,5,138,2025-09-25,2025-10-09,,overdue,Идея разнообразный миллиард ныне,8,7,10,2002,978-1-55812-236-9,5,Нон-фикшн,Роман,Воробьева,nina2019@example.org,8 262 181 5997,2025-03-17,Роман Воробьева
86,33,57,2025-06-26,2025-07-10,2025-07-11,returned,Низкий вздрогнуть,5,9,6,1968,978-0-679-74034-6,3,Ужасы,Адриан,Титов,pelageja_2016@example.org,8 193 982 8073,2025-09-01,Адриан Титов
87,14,125,2024-09-20,2024-10-04,2024-10-06,returned,Казнь райком набор,3,7,9,1993,978-0-7452-9912-9,8,Нон-фикшн,Потап,Егоров,gremislav_69@example.net,+7 785 932 1334,2025-08-16,Потап Егоров
88,56,43,2026-06-17,2026-07-01,,overdue,Пропадать падать,3,6,10,2001,978-1-07-482175-3,6,Триллер,Адам,Кононов,ippolit1972@example.net,+7 489 025 03 92,2024-07-30,Адам Кононов
89,50,137,2024-11-24,2024-12-08,2024-12-13,returned,Издали пересечь,18,2,5,2011,978-1-187-02621-2,7,Детектив,Леонид,Вишнякова,xkozlova@example.net,+7 (271) 040-5411,2025-05-30,Леонид Вишнякова
90,35,145,2025-01-12,2025-01-26,2025-01-25,returned,Покидать хлеб,11,10,10,2000,978-0-421-02499-1,5,Биография,Анжела,Белоусов,ksenija37@example.com,+7 158 693 80 68,2026-06-27,Анжела Белоусов
91,11,35,2025-05-03,2025-05-17,,overdue,Мотоцикл умолять,14,7,3,2002,978-1-65375-564-6,9,Нон-фикшн,Федот,Быкова,olga05@example.org,8 228 728 0801,2025-01-16,Федот Быкова
92,29,13,2025-10-26,2025-11-09,2025-11-11,returned,Висеть инструкция демократия,6,3,2,1960,978-1-71902-294-1,1,Роман,Аверьян,Большакова,ninatarasova@example.org,+7 878 519 10 88,2026-03-13,Аверьян Большакова
93,80,117,2026-07-04,2026-07-18,2026-07-23,returned,Поколение житель роскошный,9,3,3,2009,978-1-280-98851-6,5,Роман,Феофан,Стрелкова,kliment_2026@example.net,8 788 317 12 10,2024-06-27,Феофан Стрелкова
94,69,108,2026-07-15,2026-07-29,2026-07-28,returned,Полоска лиловый,12,4,1,1988,978-1-317-13900-3,8,Классика,Агата,Веселова,tarasovamarfa@example.net,+79375973832,2025-04-02,Агата Веселова
95,19,5,2025-07-31,2025-08-14,,overdue,Белье холодно,1,8,7,2015,978-1-5314-7379-2,6,Поэзия,Степан,Кошелева,modestlarionov@example.net,+7 672 400 4991,2025-11-20,Степан Кошелева
96,51,90,2025-04-12,2025-04-26,2025-04-25,returned,Самостоятельно кузнец,10,1,8,1960,978-1-59615-865-8,8,Фантастика,Милий,Романов,glafiraprohorova@example.net,+72622189092,2023-09-27,Милий Романов
97,48,8,2026-06-10,2026-06-24,,overdue,Тюрьма парень разуметься,13,1,9,1982,978-1-339-63605-4,4,Фантастика,Аникита,Михайлов,evpraksijabragina@example.net,+7 (966) 851-61-22,2024-09-24,Аникита Михайлов
98,70,6,2026-04-07,2026-04-21,2026-04-21,returned,Механический привлекать грустный вскакивать,7,3,2,1985,978-0-293-18393-2,10,Роман,Галина,Овчинникова,roman2022@example.com,8 478 872 8743,2025-01-26,Галина Овчинникова
99,50,122,2024-10-11,2024-10-25,2024-10-25,returned,Издали пересечь,18,2,5,2011,978-1-187-02621-2,7,Детектив,Агата,Лыткин,lorabragina@example.com,8 (687) 014-62-63,2023-09-11,Агата Лыткин
100,9,66,2025-08-23,2025-09-06,,overdue,Встать следовательно,3,8,2,2004,978-1-06-562729-6,2,Поэзия,Вацлав,Артемьева,nikanor_2008@example.org,8 (258) 673-6226,2025-04-28,Вацлав Артемьева
101,7,30,2025-12-13,2025-12-27,,overdue,Металл,4,3,2,1968,978-1-69096-705-7,5,Роман,Натан,Морозова,qdavidov@example.net,+7 (317) 393-6385,2023-10-26,Натан Морозова
102,3,80,2025-04-10,2025-04-24,2025-04-21,returned,Вряд увеличиваться кольцо,9,3,1,1984,978-1-9868-7277-5,7,Роман,Давыд,Орехов,savelevruben@example.net,+7 (544) 948-12-60,2026-08-09,Давыд Орехов
103,27,148,2025-12-15,2025-12-29,2026-01-03,returned,Спасть карандаш космос,9,5,9,1965,978-1-00-842710-5,10,Фэнтези,Чеслав,Тимофеев,natan_1996@example.com,+7 (061) 632-94-51,2025-04-18,Чеслав Тимофеев
104,43,51,2024-09-24,2024-10-08,2024-10-08,returned,Рассуждение строительство сверкающий,9,6,4,1997,978-1-77109-324-8,2,Триллер,Лора,Полякова,fedorovmakar@example.net,8 046 618 39 82,2026-05-09,Лора Полякова
105,34,78,2024-08-13,2024-08-27,,overdue,Передо пробовать заработать,7,2,1,2002,978-1-134-93618-2,5,Детектив,Мариан,Гордеева,stepan1997@example.com,8 171 339 5962,2023-10-28,Мариан Гордеева
106,49,31,2025-03-10,2025-03-24,,overdue,Разводить прежний чувство,3,10,4,1998,978-1-62702-895-0,7,Биография,Твердислав,Веселова,nazarovmiroslav@example.org,+76785445877,2025-08-18,Твердислав Веселова
107,77,11,2026-03-24,2026-04-07,2026-04-12,returned,Сустав потом конструкция,6,9,4,2018,978-1-896118-36-9,6,Ужасы,Эммануил,Носкова,vladilen_1989@example.org,8 841 459 33 27,2025-09-03,Эммануил Носкова
108,28,18,2026-04-02,2026-04-16,2026-04-18,returned,Рис пятеро,1,6,8,2015,978-1-77520-471-8,9,Триллер,Всеслав,Козлова,galaktion_20@example.com,+7 (265) 676-61-82,2025-04-27,Всеслав Козлова
109,22,108,2024-12-18,2025-01-01,,overdue,Мелочь потрясти,18,1,4,2015,978-1-83777-014-4,10,Фантастика,Агата,Веселова,tarasovamarfa@example.net,+79375973832,2025-04-02,Агата Веселова
110,34,111,2025-08-25,2025-09-08,,overdue,Передо пробовать заработать,7,2,1,2002,978-1-134-93618-2,5,Детектив,Раиса,Волкова,konon2006@example.org,+7 (865) 719-1826,2026-01-15,Раиса Волкова
111,68,40,2024-11-18,2024-12-02,2024-12-03,returned,Госпожа недостаток,12,7,8,1999,978-1-7351585-0-1,7,Нон-фикшн,Оксана,Николаева,terentevratmir@example.org,+7 567 933 41 01,2026-07-27,Оксана Николаева
112,74,138,2025-11-30,2025-12-14,,overdue,Новый коробка,6,10,2,1991,978-0-7839-0847-2,4,Биография,Роман,Воробьева,nina2019@example.org,8 262 181 5997,2025-03-17,Роман Воробьева
113,9,112,2025-12-15,2025-12-29,,overdue,Встать следовательно,3,8,2,2004,978-1-06-562729-6,2,Поэзия,Феоктист,Владимиров,gorbunovvsevolod@example.com,+7 990 623 44 56,2024-07-08,Феоктист Владимиров
114,35,69,2025-06-19,2025-07-03,2025-07-03,returned,Покидать хлеб,11,10,10,2000,978-0-421-02499-1,5,Биография,Харитон,Дьячкова,anzhelasaveleva@example.org,+77859696915,2026-01-10,Харитон Дьячкова
115,73,72,2025-07-09,2025-07-23,,overdue,Мальчишка жить приходить,20,1,6,1965,978-1-02-681177-1,5,Фантастика,Богдан,Петухов,kornil_1990@example.org,86627828274,2024-06-05,Богдан Петухов
116,37,119,2025-06-03,2025-06-17,2025-06-22,returned,Еврейский,3,4,4,1998,978-0-906594-01-8,6,Классика,Александра,Федосеев,martjan_85@example.org,+7 137 215 1070,2026-05-19,Александра Федосеев
117,75,8,2024-08-13,2024-08-27,2024-08-29,returned,Ремень конструкция,18,5,4,2020,978-0-7661-7711-6,9,Фэнтези,Аникита,Михайлов,evpraksijabragina@example.net,+7 (966) 851-61-22,2024-09-24,Аникита Михайлов
118,29,125,2024-09-08,2024-09-22,2024-09-23,returned,Висеть инструкция демократия,6,3,2,1960,978-1-71902-294-1,1,Роман,Потап,Егоров,gremislav_69@example.net,+7 785 932 1334,2025-08-16,Потап Егоров
119,75,72,2025-09-28,2025-10-12,,overdue,Ремень конструкция,18,5,4,2020,978-0-7661-7711-6,9,Фэнтези,Богдан,Петухов,kornil_1990@example.org,86627828274,2024-06-05,Богдан Петухов
120,69,143,2026-02-28,2026-03-14,2026-03-14,returned,Полоска лиловый,12,4,1,1988,978-1-317-13900-3,8,Классика,Конон,Наумова,julian73@example.org,8 (741) 862-56-52,2025-08-04,Конон Наумова
121,72,62,2025-05-26,2025-06-09,,overdue,Крыса низкий развитый,3,1,7,1963,978-0-02-053950-6,7,Фантастика,Зоя,Мамонтов,moise1995@example.com,8 (993) 756-7982,2024-04-13,Зоя Мамонтов
122,47,143,2026-07-03,2026-07-17,,overdue,Покидать исполнять,4,8,2,2008,978-0-7875-5886-4,9,Поэзия,Конон,Наумова,julian73@example.org,8 (741) 862-56-52,2025-08-04,Конон Наумова
123,19,126,2026-03-20,2026-04-03,2026-03-31,returned,Белье холодно,1,8,7,2015,978-1-5314-7379-2,6,Поэзия,Артем,Никифоров,hristofor58@example.net,8 (039) 652-2395,2024-03-03,Артем Никифоров
124,73,76,2026-05-19,2026-06-02,2026-06-02,returned,Мальчишка жить приходить,20,1,6,1965,978-1-02-681177-1,5,Фантастика,Мартьян,Шестакова,ruslan_82@example.net,87881914858,2023-10-01,Мартьян Шестакова
125,27,149,2025-09-26,2025-10-10,2025-10-12,returned,Спасть карандаш космос,9,5,9,1965,978-1-00-842710-5,10,Фэнтези,Сильвестр,Большаков,kiravolkova@example.com,+7 686 854 87 09,2026-02-03,Сильвестр Большаков
126,11,141,2025-01-05,2025-01-19,2025-01-29,returned,Мотоцикл умолять,14,7,3,2002,978-1-65375-564-6,9,Нон-фикшн,Арефий,Муравьев,dementi_78@example.com,8 (720) 506-1497,2024-09-05,Арефий Муравьев
127,62,79,2024-08-23,2024-09-06,2024-09-05,returned,Рабочий пасть,4,4,2,1981,978-0-474-51712-9,3,Классика,Элеонора,Филатов,gusevlukjan@example.net,82330958498,2025-02-20,Элеонора Филатов
128,53,81,2026-01-17,2026-01-31,2026-01-31,returned,Экзамен приходить,12,3,9,1996,978-1-240-05045-1,3,Роман,Бажен,Кондратьева,mechislav_1978@example.net,+72232536729,2024-06-15,Бажен Кондратьева
129,53,56,2024-08-13,2024-08-27,,overdue,Экзамен приходить,12,3,9,1996,978-1-240-05045-1,3,Роман,Онуфрий,Агафонов,agafonovonufri@example.com,+7 (654) 793-56-46,2025-05-04,Онуфрий Агафонов
130,69,135,2025-02-01,2025-02-15,2025-02-14,returned,Полоска лиловый,12,4,1,1988,978-1-317-13900-3,8,Классика,Сильвестр,Шубина,bikovalarisa@example.com,+73315410067,2026-05-05,Сильвестр Шубина
131,53,76,2026-01-30,2026-02-13,2026-02-13,returned,Экзамен приходить,12,3,9,1996,978-1-240-05045-1,3,Роман,Мартьян,Шестакова,ruslan_82@example.net,87881914858,2023-10-01,Мартьян Шестакова
132,25,4,2026-06-22,2026-07-06,,overdue,Счастье находить решение,15,5,6,1984,978-0-8233-7498-4,9,Фэнтези,Севастьян,Тетерина,leonidmerkushev@example.com,8 401 938 0262,2024-10-28,Севастьян Тетерина
133,50,71,2025-04-09,2025-04-23,2025-04-20,returned,Издали пересечь,18,2,5,2011,978-1-187-02621-2,7,Детектив,Станислав,Мамонтова,galina_51@example.net,+7 (412) 528-6692,2024-05-06,Станислав Мамонтова
134,45,75,2024-11-18,2024-12-02,2024-12-02,returned,Медицина место салон,15,9,1,1984,978-1-77378-263-8,1,Ужасы,Олимпиада,Пономарева,aleksandr1994@example.net,80340438427,2024-09-01,Олимпиада Пономарева
135,47,27,2024-10-28,2024-11-11,,overdue,Покидать исполнять,4,8,2,2008,978-0-7875-5886-4,9,Поэзия,Петр,Зимин,agge_2013@example.net,8 (668) 826-3435,2025-01-06,Петр Зимин
136,4,73,2025-09-04,2025-09-18,2025-09-28,returned,Пространство пастух спорт,8,10,4,2011,978-0-487-34714-0,1,Биография,Николай,Харитонов,majapanfilova@example.org,+7 (257) 905-07-23,2024-06-17,Николай Харитонов
137,75,48,2025-11-10,2025-11-24,,overdue,Ремень конструкция,18,5,4,2020,978-0-7661-7711-6,9,Фэнтези,Пахом,Дроздова,karl_2024@example.org,+72626551104,2024-10-02,Пахом Дроздова
138,38,123,2024-12-17,2024-12-31,2024-12-30,returned,Скользить торговля,13,4,10,2024,978-0-490-27874-5,1,Классика,Лука,Блинов,ratibor_1980@example.net,8 (380) 657-8759,2026-07-05,Лука Блинов
139,56,126,2024-09-29,2024-10-13,2024-10-10,returned,Пропадать падать,3,6,10,2001,978-1-07-482175-3,6,Триллер,Артем,Никифоров,hristofor58@example.net,8 (039) 652-2395,2024-03-03,Артем Никифоров
140,79,39,2026-05-11,2026-05-25,,overdue,Способ левый гулять,13,2,8,1984,978-1-5271-1116-5,2,Детектив,Никон,Виноградова,akulina1982@example.org,+7 823 398 45 46,2025-09-12,Никон Виноградова
141,25,22,2025-03-29,2025-04-12,,overdue,Счастье находить решение,15,5,6,1984,978-0-8233-7498-4,9,Фэнтези,Макар,Мясников,taisijasubbotina@example.net,+7 790 306 7383,2026-07-03,Макар Мясников
142,41,143,2025-07-30,2025-08-13,,overdue,Самостоятельно инструкция слишком,12,2,2,2001,978-1-5168-0876-2,10,Детектив,Конон,Наумова,julian73@example.org,8 (741) 862-56-52,2025-08-04,Конон Наумова
143,59,58,2025-07-12,2025-07-26,,overdue,Желание военный палата,10,10,8,2016,978-1-4395-3394-9,2,Биография,Любосмысл,Прохоров,baranovaeleonora@example.net,8 (416) 724-34-26,2025-10-21,Любосмысл Прохоров
144,39,116,2025-05-03,2025-05-17,,overdue,Жить мрачно,4,6,4,1999,978-1-71756-551-8,3,Триллер,Екатерина,Денисов,blinovsilanti@example.com,+7 (135) 680-44-20,2026-06-28,Екатерина Денисов
145,25,110,2025-05-16,2025-05-30,2025-05-27,returned,Счастье находить решение,15,5,6,1984,978-0-8233-7498-4,9,Фэнтези,Ростислав,Сазонов,anisim_04@example.com,+7 383 670 24 10,2024-04-20,Ростислав Сазонов
146,74,26,2026-03-15,2026-03-29,,overdue,Новый коробка,6,10,2,1991,978-0-7839-0847-2,4,Биография,Ольга,Игнатова,arseni1977@example.com,+76287334270,2025-04-16,Ольга Игнатова
147,76,55,2024-12-16,2024-12-30,2024-12-29,returned,Заплакать палка возникновение,8,3,4,1969,978-0-12-499856-8,2,Роман,Викентий,Филиппова,ohohlov@example.org,8 (569) 245-93-75,2024-07-04,Викентий Филиппова
148,3,62,2026-07-15,2026-07-29,2026-07-28,returned,Вряд увеличиваться кольцо,9,3,1,1984,978-1-9868-7277-5,7,Роман,Зоя,Мамонтов,moise1995@example.com,8 (993) 756-7982,2024-04-13,Зоя Мамонтов
149,3,1,2026-07-24,2026-08-07,2026-08-17,returned,Вряд увеличиваться кольцо,9,3,1,1984,978-1-9868-7277-5,7,Роман,Евфросиния,Стрелков,ninelsoloveva@example.com,+77338484219,2024-01-22,Евфросиния Стрелков
150,12,9,2026-05-02,2026-05-16,2026-05-17,returned,Нажать роскошный палата,2,5,3,1963,978-1-170-80531-2,4,Фэнтези,Ефим,Мясников,zojazatseva@example.net,8 (530) 463-74-54,2025-03-28,Ефим Мясников
151,68,19,2025-06-19,2025-07-03,2025-07-04,returned,Госпожа недостаток,12,7,8,1999,978-1-7351585-0-1,7,Нон-фикшн,Таисия,Антонов,irina2026@example.org,8 128 682 3004,2024-03-21,Таисия Антонов
152,35,51,2024-08-24,2024-09-07,2024-09-07,returned,Покидать хлеб,11,10,10,2000,978-0-421-02499-1,5,Биография,Лора,Полякова,fedorovmakar@example.net,8 046 618 39 82,2026-05-09,Лора Полякова
153,79,69,2025-02-03,2025-02-17,,overdue,Способ левый гулять,13,2,8,1984,978-1-5271-1116-5,2,Детектив,Харитон,Дьячкова,anzhelasaveleva@example.org,+77859696915,2026-01-10,Харитон Дьячкова
154,66,16,2026-02-25,2026-03-11,2026-03-12,returned,Металл блин,12,1,7,1971,978-1-113-82675-6,5,Фантастика,Еремей,Жукова,nikandrfedorov@example.com,+7 874 064 0391,2024-05-04,Еремей Жукова
155,49,146,2024-11-19,2024-12-03,,overdue,Разводить прежний чувство,3,10,4,1998,978-1-62702-895-0,7,Биография,Будимир,Рябова,milen2008@example.net,8 879 374 16 08,2025-10-27,Будимир Рябова
156,21,32,2026-03-03,2026-03-17,2026-03-18,returned,Руководитель июнь,7,7,9,2000,978-1-948083-13-3,5,Нон-фикшн,Ксения,Коновалов,tihon_2004@example.net,+7 753 556 09 32,2024-10-01,Ксения Коновалов
157,56,70,2024-08-27,2024-09-10,2024-09-20,returned,Пропадать падать,3,6,10,2001,978-1-07-482175-3,6,Триллер,Олег,Данилова,bojan2025@example.net,8 792 499 1251,2023-09-24,Олег Данилова
158,21,21,2025-11-11,2025-11-25,2025-11-30,returned,Руководитель июнь,7,7,9,2000,978-1-948083-13-3,5,Нон-фикшн,Корнил,Ильин,sokolovisa@example.org,+7 (106) 903-3119,2026-03-13,Корнил Ильин
159,44,65,2025-09-05,2025-09-19,2025-09-19,returned,Правление рот человечек мелькнуть,2,5,2,1976,978-1-131-71274-1,3,Фэнтези,Поликарп,Воронова,kozlovdorofe@example.com,+7 401 051 23 82,2025-10-06,Поликарп Воронова
160,4,6,2024-12-19,2025-01-02,,overdue,Пространство пастух спорт,8,10,4,2011,978-0-487-34714-0,1,Биография,Галина,Овчинникова,roman2022@example.com,8 478 872 8743,2025-01-26,Галина Овчинникова
161,62,148,2025-05-21,2025-06-04,2025-06-04,returned,Рабочий пасть,4,4,2,1981,978-0-474-51712-9,3,Классика,Чеслав,Тимофеев,natan_1996@example.com,+7 (061) 632-94-51,2025-04-18,Чеслав Тимофеев
162,19,133,2026-02-13,2026-02-27,2026-02-28,returned,Белье холодно,1,8,7,2015,978-1-5314-7379-2,6,Поэзия,Аполлон,Воронцова,ranisimov@example.org,8 902 959 39 17,2026-03-13,Аполлон Воронцова
163,29,150,2025-12-28,2026-01-11,2026-01-21,returned,Висеть инструкция демократия,6,3,2,1960,978-1-71902-294-1,1,Роман,Нестор,Денисов,konovalovprov@example.net,88616229991,2024-01-16,Нестор Денисов
164,73,121,2026-04-17,2026-05-01,2026-05-03,returned,Мальчишка жить приходить,20,1,6,1965,978-1-02-681177-1,5,Фантастика,Любомир,Наумова,andron_1973@example.org,+7 (447) 209-99-34,2025-10-16,Любомир Наумова
165,44,27,2024-09-08,2024-09-22,,overdue,Правление рот человечек мелькнуть,2,5,2,1976,978-1-131-71274-1,3,Фэнтези,Петр,Зимин,agge_2013@example.net,8 (668) 826-3435,2025-01-06,Петр Зимин
166,67,106,2026-06-21,2026-07-05,2026-07-06,returned,Домашний головка экзамен,6,5,7,1990,978-0-617-96405-6,8,Фэнтези,Демьян,Воробьева,evgraf_27@example.net,8 180 238 0617,2024-10-26,Демьян Воробьева
167,56,141,2025-12-20,2026-01-03,2026-01-02,returned,Пропадать падать,3,6,10,2001,978-1-07-482175-3,6,Триллер,Арефий,Муравьев,dementi_78@example.com,8 (720) 506-1497,2024-09-05,Арефий Муравьев
168,40,65,2025-02-24,2025-03-10,2025-03-15,returned,Рота порода монета,12,5,1,2012,978-1-67468-071-2,3,Фэнтези,Поликарп,Воронова,kozlovdorofe@example.com,+7 401 051 23 82,2025-10-06,Поликарп Воронова
169,60,1,2026-04-01,2026-04-15,2026-04-25,returned,Остановить вперед,3,8,7,1987,978-0-04-709521-4,1,Поэзия,Евфросиния,Стрелков,ninelsoloveva@example.com,+77338484219,2024-01-22,Евфросиния Стрелков
170,2,14,2025-09-29,2025-10-13,2025-10-15,returned,Степь ребятишки сбросить,1,7,4,1963,978-0-8317-2788-8,6,Нон-фикшн,Елизар,Мельников,milen1971@example.com,+7 (982) 258-7139,2025-08-14,Елизар Мельников
171,78,128,2025-12-07,2025-12-21,2025-12-18,returned,Идея сутки,15,10,9,2013,978-0-657-66156-4,7,Биография,Пров,Капустин,saveli05@example.com,+72701039308,2024-05-06,Пров Капустин
172,76,69,2024-09-16,2024-09-30,2024-10-01,returned,Заплакать палка возникновение,8,3,4,1969,978-0-12-499856-8,2,Роман,Харитон,Дьячкова,anzhelasaveleva@example.org,+77859696915,2026-01-10,Харитон Дьячкова
173,21,125,2025-11-14,2025-11-28,2025-11-28,returned,Руководитель июнь,7,7,9,2000,978-1-948083-13-3,5,Нон-фикшн,Потап,Егоров,gremislav_69@example.net,+7 785 932 1334,2025-08-16,Потап Егоров
174,3,80,2024-09-16,2024-09-30,2024-10-05,returned,Вряд увеличиваться кольцо,9,3,1,1984,978-1-9868-7277-5,7,Роман,Давыд,Орехов,savelevruben@example.net,+7 (544) 948-12-60,2026-08-09,Давыд Орехов
175,73,58,2026-01-06,2026-01-20,,overdue,Мальчишка жить приходить,20,1,6,1965,978-1-02-681177-1,5,Фантастика,Любосмысл,Прохоров,baranovaeleonora@example.net,8 (416) 724-34-26,2025-10-21,Любосмысл Прохоров
176,36,119,2025-12-30,2026-01-13,,overdue,Хотеть устройство магазин,4,2,9,1975,978-1-174-64887-8,6,Детектив,Александра,Федосеев,martjan_85@example.org,+7 137 215 1070,2026-05-19,Александра Федосеев
177,79,128,2024-09-16,2024-09-30,,overdue,Способ левый гулять,13,2,8,1984,978-1-5271-1116-5,2,Детектив,Пров,Капустин,saveli05@example.com,+72701039308,2024-05-06,Пров Капустин
178,12,131,2025-06-29,2025-07-13,,overdue,Нажать роскошный палата,2,5,3,1963,978-1-170-80531-2,4,Фэнтези,Кир,Медведев,antoninloginov@example.com,8 452 267 5289,2024-07-23,Кир Медведев
179,5,124,2025-06-01,2025-06-15,,overdue,Идея разнообразный миллиард ныне,8,7,10,2002,978-1-55812-236-9,5,Нон-фикшн,Георгий,Савельев,visheslav_1992@example.net,8 (564) 205-9304,2023-08-24,Георгий Савельев
180,37,117,2025-10-09,2025-10-23,2025-10-28,returned,Еврейский,3,4,4,1998,978-0-906594-01-8,6,Классика,Феофан,Стрелкова,kliment_2026@example.net,8 788 317 12 10,2024-06-27,Феофан Стрелкова
181,53,131,2025-02-22,2025-03-08,,overdue,Экзамен приходить,12,3,9,1996,978-1-240-05045-1,3,Роман,Кир,Медведев,antoninloginov@example.com,8 452 267 5289,2024-07-23,Кир Медведев
182,54,18,2026-02-06,2026-02-20,2026-02-25,returned,Увеличиваться плод лететь,19,2,3,1986,978-1-238-69222-9,6,Детектив,Всеслав,Козлова,galaktion_20@example.com,+7 (265) 676-61-82,2025-04-27,Всеслав Козлова
183,75,130,2024-12-06,2024-12-20,2024-12-17,returned,Ремень конструкция,18,5,4,2020,978-0-7661-7711-6,9,Фэнтези,Лазарь,Моисеева,kirillovaolimpiada@example.com,+7 (921) 851-56-91,2023-08-24,Лазарь Моисеева
184,71,77,2025-01-16,2025-01-30,,overdue,Боец,9,4,1,1978,978-1-290-42284-0,8,Классика,Ефрем,Бобров,golubevleonid@example.com,+7 783 613 4074,2025-07-20,Ефрем Бобров
185,6,126,2025-03-31,2025-04-14,,overdue,Увеличиваться спичка мотоцикл хлеб,5,10,2,1995,978-0-16-658760-7,10,Биография,Артем,Никифоров,hristofor58@example.net,8 (039) 652-2395,2024-03-03,Артем Никифоров
186,30,138,2026-01-05,2026-01-19,2026-01-21,returned,Прежде промолчать,14,7,4,1985,978-0-18-699938-1,10,Нон-фикшн,Роман,Воробьева,nina2019@example.org,8 262 181 5997,2025-03-17,Роман Воробьева
187,45,140,2024-10-27,2024-11-10,2024-11-12,returned,Медицина место салон,15,9,1,1984,978-1-77378-263-8,1,Ужасы,Андрей,Коновалова,veronika_78@example.com,8 884 443 10 69,2025-07-24,Андрей Коновалова
188,53,62,2026-01-06,2026-01-20,2026-01-20,returned,Экзамен приходить,12,3,9,1996,978-1-240-05045-1,3,Роман,Зоя,Мамонтов,moise1995@example.com,8 (993) 756-7982,2024-04-13,Зоя Мамонтов
189,2,12,2025-09-18,2025-10-02,2025-10-12,returned,Степь ребятишки сбросить,1,7,4,1963,978-0-8317-2788-8,6,Нон-фикшн,Аполлон,Сергеева,iraidasaveleva@example.net,+7 (795) 687-83-39,2026-01-15,Аполлон Сергеева
190,39,99,2025-03-07,2025-03-21,,overdue,Жить мрачно,4,6,4,1999,978-1-71756-551-8,3,Триллер,Дементий,Громова,larisasamolova@example.net,81463031617,2025-12-14,Дементий Громова
191,79,127,2025-07-01,2025-07-15,,overdue,Способ левый гулять,13,2,8,1984,978-1-5271-1116-5,2,Детектив,Рюрик,Степанов,selivan_2018@example.net,8 905 992 9378,2026-05-12,Рюрик Степанов
192,50,129,2025-09-11,2025-09-25,,overdue,Издали пересечь,18,2,5,2011,978-1-187-02621-2,7,Детектив,Акулина,Кулакова,aksenovfortunat@example.com,8 (059) 325-25-00,2026-03-01,Акулина Кулакова
193,67,26,2025-03-17,2025-03-31,,overdue,Домашний головка экзамен,6,5,7,1990,978-0-617-96405-6,8,Фэнтези,Ольга,Игнатова,arseni1977@example.com,+76287334270,2025-04-16,Ольга Игнатова
194,21,26,2026-04-11,2026-04-25,2026-05-05,returned,Руководитель июнь,7,7,9,2000,978-1-948083-13-3,5,Нон-фикшн,Ольга,Игнатова,arseni1977@example.com,+76287334270,2025-04-16,Ольга Игнатова
195,22,37,2024-10-31,2024-11-14,2024-11-14,returned,Мелочь потрясти,18,1,4,2015,978-1-83777-014-4,10,Фантастика,Мина,Шашков,vsevolod_05@example.net,8 099 770 0886,2024-12-06,Мина Шашков
196,66,121,2025-08-31,2025-09-14,,overdue,Металл блин,12,1,7,1971,978-1-113-82675-6,5,Фантастика,Любомир,Наумова,andron_1973@example.org,+7 (447) 209-99-34,2025-10-16,Любомир Наумова
197,57,87,2025-11-26,2025-12-10,2025-12-15,returned,Ведь поговорить,2,4,8,2019,978-1-4743-6713-4,10,Классика,Евлампий,Соболева,kir_1978@example.net,8 206 436 1103,2026-04-24,Евлампий Соболева
198,72,85,2025-01-12,2025-01-26,,overdue,Крыса низкий развитый,3,1,7,1963,978-0-02-053950-6,7,Фантастика,Тарас,Шаров,lora_35@example.net,8 (500) 170-12-77,2025-10-03,Тарас Шаров
199,17,98,2026-05-17,2026-05-31,,overdue,Печатать инфекция умирать,17,9,9,1964,978-0-85067-165-0,6,Ужасы,Евстафий,Сидоров,elizar1993@example.net,+7 (414) 183-28-56,2026-02-07,Евстафий Сидоров
200,47,139,2025-05-15,2025-05-29,2025-05-28,returned,Покидать исполнять,4,8,2,2008,978-0-7875-5886-4,9,Поэзия,Радислав,Воробьев,reginanikitina@example.net,+7 629 620 1533,2025-02-02,Радислав Воробьев
201,31,74,2026-02-07,2026-02-21,,overdue,Князь пропасть передо,11,4,4,2006,978-1-74964-990-3,5,Классика,Леонид,Сорокин,medvedevvisheslav@example.org,8 887 676 77 21,2023-11-08,Леонид Сорокин
202,73,112,2025-03-27,2025-04-10,,overdue,Мальчишка жить приходить,20,1,6,1965,978-1-02-681177-1,5,Фантастика,Феоктист,Владимиров,gorbunovvsevolod@example.com,+7 990 623 44 56,2024-07-08,Феоктист Владимиров
203,10,114,2024-09-09,2024-09-23,2024-09-24,returned,Результат каюта,19,2,9,2011,978-1-990162-72-5,10,Детектив,Фока,Владимиров,korlov@example.net,+7 277 561 85 37,2026-05-12,Фока Владимиров
204,32,12,2025-10-09,2025-10-23,2025-10-20,returned,Рот передо,9,1,2,2015,978-0-341-23281-0,1,Фантастика,Аполлон,Сергеева,iraidasaveleva@example.net,+7 (795) 687-83-39,2026-01-15,Аполлон Сергеева
205,12,92,2025-08-30,2025-09-13,2025-09-13,returned,Нажать роскошный палата,2,5,3,1963,978-1-170-80531-2,4,Фэнтези,Анжела,Баранова,blohinauljana@example.com,+7 965 652 34 13,2025-03-11,Анжела Баранова
206,37,136,2026-07-18,2026-08-01,2026-08-01,returned,Еврейский,3,4,4,1998,978-0-906594-01-8,6,Классика,Афанасий,Овчинникова,nadezhdapahomova@example.org,8 267 658 61 79,2024-10-11,Афанасий Овчинникова
207,7,45,2025-01-18,2025-02-01,2025-02-06,returned,Металл,4,3,2,1968,978-1-69096-705-7,5,Роман,Бажен,Воронцов,kim_15@example.com,+7 (185) 016-31-59,2024-11-19,Бажен Воронцов
208,78,62,2026-01-26,2026-02-09,2026-02-09,returned,Идея сутки,15,10,9,2013,978-0-657-66156-4,7,Биография,Зоя,Мамонтов,moise1995@example.com,8 (993) 756-7982,2024-04-13,Зоя Мамонтов
209,20,119,2026-08-04,2026-08-18,2026-08-28,returned,Порода смертельный непривычный,18,4,4,2004,978-1-07-527354-4,2,Классика,Александра,Федосеев,martjan_85@example.org,+7 137 215 1070,2026-05-19,Александра Федосеев
210,38,3,2025-08-18,2025-09-01,,overdue,Скользить торговля,13,4,10,2024,978-0-490-27874-5,1,Классика,Христофор,Титова,praskovja73@example.net,8 (120) 826-77-34,2024-01-14,Христофор Титова
211,9,74,2025-02-08,2025-02-22,2025-02-22,returned,Встать следовательно,3,8,2,2004,978-1-06-562729-6,2,Поэзия,Леонид,Сорокин,medvedevvisheslav@example.org,8 887 676 77 21,2023-11-08,Леонид Сорокин
212,66,114,2024-08-12,2024-08-26,,overdue,Металл блин,12,1,7,1971,978-1-113-82675-6,5,Фантастика,Фока,Владимиров,korlov@example.net,+7 277 561 85 37,2026-05-12,Фока Владимиров
213,35,77,2026-01-13,2026-01-27,2026-02-01,returned,Покидать хлеб,11,10,10,2000,978-0-421-02499-1,5,Биография,Ефрем,Бобров,golubevleonid@example.com,+7 783 613 4074,2025-07-20,Ефрем Бобров
214,38,117,2024-10-18,2024-11-01,,overdue,Скользить торговля,13,4,10,2024,978-0-490-27874-5,1,Классика,Феофан,Стрелкова,kliment_2026@example.net,8 788 317 12 10,2024-06-27,Феофан Стрелкова
215,70,99,2026-05-20,2026-06-03,,overdue,Механический привлекать грустный вскакивать,7,3,2,1985,978-0-293-18393-2,10,Роман,Дементий,Громова,larisasamolova@example.net,81463031617,2025-12-14,Дементий Громова
216,34,61,2024-12-03,2024-12-17,2024-12-19,returned,Передо пробовать заработать,7,2,1,2002,978-1-134-93618-2,5,Детектив,Родион,Щербакова,eliseevaviktorija@example.net,86561014388,2025-10-19,Родион Щербакова
217,4,76,2024-10-18,2024-11-01,,overdue,Пространство пастух спорт,8,10,4,2011,978-0-487-34714-0,1,Биография,Мартьян,Шестакова,ruslan_82@example.net,87881914858,2023-10-01,Мартьян Шестакова
218,12,6,2026-02-23,2026-03-09,,overdue,Нажать роскошный палата,2,5,3,1963,978-1-170-80531-2,4,Фэнтези,Галина,Овчинникова,roman2022@example.com,8 478 872 8743,2025-01-26,Галина Овчинникова
219,43,71,2026-07-13,2026-07-27,2026-07-24,returned,Рассуждение строительство сверкающий,9,6,4,1997,978-1-77109-324-8,2,Триллер,Станислав,Мамонтова,galina_51@example.net,+7 (412) 528-6692,2024-05-06,Станислав Мамонтова
220,59,128,2025-02-24,2025-03-10,,overdue,Желание военный палата,10,10,8,2016,978-1-4395-3394-9,2,Биография,Пров,Капустин,saveli05@example.com,+72701039308,2024-05-06,Пров Капустин
221,71,59,2025-07-30,2025-08-13,2025-08-15,returned,Боец,9,4,1,1978,978-1-290-42284-0,8,Классика,Данила,Пономарев,anani1978@example.org,8 179 796 88 68,2025-03-13,Данила Пономарев
222,18,49,2025-03-27,2025-04-10,2025-04-10,returned,Ремень рай,20,4,10,1973,978-0-628-49877-9,9,Классика,Филипп,Ларионов,bjakovlev@example.net,8 (541) 212-67-88,2025-05-19,Филипп Ларионов
223,10,11,2025-03-03,2025-03-17,2025-03-27,returned,Результат каюта,19,2,9,2011,978-1-990162-72-5,10,Детектив,Эммануил,Носкова,vladilen_1989@example.org,8 841 459 33 27,2025-09-03,Эммануил Носкова
224,46,149,2025-08-05,2025-08-19,2025-08-19,returned,Господь дошлый парень,18,1,6,2013,978-0-465-84044-1,2,Фантастика,Сильвестр,Большаков,kiravolkova@example.com,+7 686 854 87 09,2026-02-03,Сильвестр Большаков
225,73,76,2024-09-17,2024-10-01,2024-10-06,returned,Мальчишка жить приходить,20,1,6,1965,978-1-02-681177-1,5,Фантастика,Мартьян,Шестакова,ruslan_82@example.net,87881914858,2023-10-01,Мартьян Шестакова
226,13,52,2024-10-26,2024-11-09,2024-11-11,returned,Угодный тяжелый мягкий,1,3,8,1974,978-0-330-92327-9,3,Роман,Алла,Орлов,lev79@example.net,8 224 447 21 26,2023-12-27,Алла Орлов
227,15,129,2026-05-03,2026-05-17,,overdue,Неправда куча руководитель пропадать,7,9,3,1982,978-0-904966-31-2,4,Ужасы,Акулина,Кулакова,aksenovfortunat@example.com,8 (059) 325-25-00,2026-03-01,Акулина Кулакова
228,7,66,2026-06-19,2026-07-03,,overdue,Металл,4,3,2,1968,978-1-69096-705-7,5,Роман,Вацлав,Артемьева,nikanor_2008@example.org,8 (258) 673-6226,2025-04-28,Вацлав Артемьева
229,24,76,2026-06-02,2026-06-16,,overdue,Соответствие порт,8,8,7,2009,978-1-57444-313-4,7,Поэзия,Мартьян,Шестакова,ruslan_82@example.net,87881914858,2023-10-01,Мартьян Шестакова
230,75,30,2025-05-16,2025-05-30,2025-05-29,returned,Ремень конструкция,18,5,4,2020,978-0-7661-7711-6,9,Фэнтези,Натан,Морозова,qdavidov@example.net,+7 (317) 393-6385,2023-10-26,Натан Морозова
231,64,58,2026-04-24,2026-05-08,,overdue,Сверкать некоторый мелькнуть,9,2,7,1996,978-1-4965-1370-0,1,Детектив,Любосмысл,Прохоров,baranovaeleonora@example.net,8 (416) 724-34-26,2025-10-21,Любосмысл Прохоров
232,43,143,2025-07-06,2025-07-20,2025-07-25,returned,Рассуждение строительство сверкающий,9,6,4,1997,978-1-77109-324-8,2,Триллер,Конон,Наумова,julian73@example.org,8 (741) 862-56-52,2025-08-04,Конон Наумова
233,22,68,2026-03-06,2026-03-20,2026-03-30,returned,Мелочь потрясти,18,1,4,2015,978-1-83777-014-4,10,Фантастика,Поликарп,Селиверстова,iraida73@example.org,+71918255371,2025-11-02,Поликарп Селиверстова
234,28,68,2024-11-08,2024-11-22,2024-11-24,returned,Рис пятеро,1,6,8,2015,978-1-77520-471-8,9,Триллер,Поликарп,Селиверстова,iraida73@example.org,+71918255371,2025-11-02,Поликарп Селиверстова
235,34,60,2024-10-22,2024-11-05,2024-11-07,returned,Передо пробовать заработать,7,2,1,2002,978-1-134-93618-2,5,Детектив,Ян,Кудрявцева,mihedenisov@example.com,+7 589 113 5290,2023-11-06,Ян Кудрявцева
236,74,57,2026-06-02,2026-06-16,2026-06-26,returned,Новый коробка,6,10,2,1991,978-0-7839-0847-2,4,Биография,Адриан,Титов,pelageja_2016@example.org,8 193 982 8073,2025-09-01,Адриан Титов
237,25,105,2026-03-21,2026-04-04,2026-04-01,returned,Счастье находить решение,15,5,6,1984,978-0-8233-7498-4,9,Фэнтези,Афиноген,Якушева,kchernov@example.com,+7 863 536 5419,2023-12-29,Афиноген Якушева
238,46,78,2026-07-02,2026-07-16,,overdue,Господь дошлый парень,18,1,6,2013,978-0-465-84044-1,2,Фантастика,Мариан,Гордеева,stepan1997@example.com,8 171 339 5962,2023-10-28,Мариан Гордеева
239,36,25,2024-08-17,2024-08-31,2024-08-31,returned,Хотеть устройство магазин,4,2,9,1975,978-1-174-64887-8,6,Детектив,Сергей,Бирюкова,pankratkabanov@example.net,8 870 568 56 62,2023-10-10,Сергей Бирюкова
240,42,117,2026-06-02,2026-06-16,2026-06-21,returned,Металл назначить ложиться,20,6,1,2011,978-0-85977-034-7,7,Триллер,Феофан,Стрелкова,kliment_2026@example.net,8 788 317 12 10,2024-06-27,Феофан Стрелкова
241,35,40,2024-11-25,2024-12-09,,overdue,Покидать хлеб,11,10,10,2000,978-0-421-02499-1,5,Биография,Оксана,Николаева,terentevratmir@example.org,+7 567 933 41 01,2026-07-27,Оксана Николаева
242,10,126,2025-04-22,2025-05-06,2025-05-07,returned,Результат каюта,19,2,9,2011,978-1-990162-72-5,10,Детектив,Артем,Никифоров,hristofor58@example.net,8 (039) 652-2395,2024-03-03,Артем Никифоров
243,46,95,2025-05-14,2025-05-28,2025-06-07,returned,Господь дошлый парень,18,1,6,2013,978-0-465-84044-1,2,Фантастика,Варфоломей,Кошелева,svjatopolk36@example.com,+7 805 526 96 58,2025-07-03,Варфоломей Кошелева
244,31,93,2026-07-05,2026-07-19,2026-07-21,returned,Князь пропасть передо,11,4,4,2006,978-1-74964-990-3,5,Классика,Гедеон,Ситников,filimonaksenov@example.net,8 (999) 404-3898,2025-09-08,Гедеон Ситников
245,33,92,2025-07-15,2025-07-29,2025-07-30,returned,Низкий вздрогнуть,5,9,6,1968,978-0-679-74034-6,3,Ужасы,Анжела,Баранова,blohinauljana@example.com,+7 965 652 34 13,2025-03-11,Анжела Баранова
246,53,32,2025-12-05,2025-12-19,,overdue,Экзамен приходить,12,3,9,1996,978-1-240-05045-1,3,Роман,Ксения,Коновалов,tihon_2004@example.net,+7 753 556 09 32,2024-10-01,Ксения Коновалов
247,68,24,2026-06-23,2026-07-07,2026-07-04,returned,Госпожа недостаток,12,7,8,1999,978-1-7351585-0-1,7,Нон-фикшн,Аверьян,Юдина,ladislavilin@example.org,+72836440892,2025-04-26,Аверьян Юдина
248,51,86,2026-03-02,2026-03-16,2026-03-16,returned,Самостоятельно кузнец,10,1,8,1960,978-1-59615-865-8,8,Фантастика,Сократ,Осипов,bogdan43@example.net,+7 632 424 1541,2025-04-18,Сократ Осипов
249,77,53,2024-10-21,2024-11-04,2024-11-04,returned,Сустав потом конструкция,6,9,4,2018,978-1-896118-36-9,6,Ужасы,Панкратий,Елисеева,smironov@example.com,+76471543799,2024-05-28,Панкратий Елисеева
250,35,56,2025-05-26,2025-06-09,,overdue,Покидать хлеб,11,10,10,2000,978-0-421-02499-1,5,Биография,Онуфрий,Агафонов,agafonovonufri@example.com,+7 (654) 793-56-46,2025-05-04,Онуфрий Агафонов
251,20,85,2024-12-30,2025-01-13,,overdue,Порода смертельный непривычный,18,4,4,2004,978-1-07-527354-4,2,Классика,Тарас,Шаров,lora_35@example.net,8 (500) 170-12-77,2025-10-03,Тарас Шаров
252,49,1,2025-06-17,2025-07-01,2025-07-01,returned,Разводить прежний чувство,3,10,4,1998,978-1-62702-895-0,7,Биография,Евфросиния,Стрелков,ninelsoloveva@example.com,+77338484219,2024-01-22,Евфросиния Стрелков
253,50,139,2025-06-16,2025-06-30,2025-06-30,returned,Издали пересечь,18,2,5,2011,978-1-187-02621-2,7,Детектив,Радислав,Воробьев,reginanikitina@example.net,+7 629 620 1533,2025-02-02,Радислав Воробьев
254,36,7,2025-07-30,2025-08-13,2025-08-15,returned,Хотеть устройство магазин,4,2,9,1975,978-1-174-64887-8,6,Детектив,Леон,Авдеева,hnovikova@example.com,+7 527 420 54 93,2025-05-10,Леон Авдеева
255,31,83,2025-03-09,2025-03-23,2025-03-24,returned,Князь пропасть передо,11,4,4,2006,978-1-74964-990-3,5,Классика,Алевтина,Гаврилова,nikonovavarvara@example.net,8 (590) 175-18-63,2025-03-05,Алевтина Гаврилова
256,51,33,2026-05-21,2026-06-04,,overdue,Самостоятельно кузнец,10,1,8,1960,978-1-59615-865-8,8,Фантастика,Иван,Федоров,adrian_1996@example.com,+7 489 964 2353,2025-03-11,Иван Федоров
257,15,30,2026-01-27,2026-02-10,,overdue,Неправда куча руководитель пропадать,7,9,3,1982,978-0-904966-31-2,4,Ужасы,Натан,Морозова,qdavidov@example.net,+7 (317) 393-6385,2023-10-26,Натан Морозова
258,19,115,2026-04-23,2026-05-07,,overdue,Белье холодно,1,8,7,2015,978-1-5314-7379-2,6,Поэзия,Прохор,Орехов,mitofanzhdanov@example.com,+77411249035,2024-07-25,Прохор Орехов
259,60,28,2025-12-26,2026-01-09,2026-01-09,returned,Остановить вперед,3,8,7,1987,978-0-04-709521-4,1,Поэзия,Демид,Савельева,gavrilakalinin@example.com,+7 751 830 46 99,2026-07-18,Демид Савельева
260,74,12,2026-06-29,2026-07-13,,overdue,Новый коробка,6,10,2,1991,978-0-7839-0847-2,4,Биография,Аполлон,Сергеева,iraidasaveleva@example.net,+7 (795) 687-83-39,2026-01-15,Аполлон Сергеева
261,65,78,2024-11-05,2024-11-19,2024-11-16,returned,Командующий мера возникновение,15,8,6,2002,978-0-17-461200-1,2,Поэзия,Мариан,Гордеева,stepan1997@example.com,8 171 339 5962,2023-10-28,Мариан Гордеева
262,61,123,2024-11-20,2024-12-04,,overdue,Неожиданный витрина,8,1,4,2020,978-1-62328-588-3,3,Фантастика,Лука,Блинов,ratibor_1980@example.net,8 (380) 657-8759,2026-07-05,Лука Блинов
263,11,28,2026-05-27,2026-06-10,2026-06-20,returned,Мотоцикл умолять,14,7,3,2002,978-1-65375-564-6,9,Нон-фикшн,Демид,Савельева,gavrilakalinin@example.com,+7 751 830 46 99,2026-07-18,Демид Савельева
264,66,21,2024-12-11,2024-12-25,2024-12-25,returned,Металл блин,12,1,7,1971,978-1-113-82675-6,5,Фантастика,Корнил,Ильин,sokolovisa@example.org,+7 (106) 903-3119,2026-03-13,Корнил Ильин
265,63,33,2024-10-29,2024-11-12,2024-11-14,returned,Намерение академик степь,13,1,2,1970,978-1-85160-481-4,10,Фантастика,Иван,Федоров,adrian_1996@example.com,+7 489 964 2353,2025-03-11,Иван Федоров
266,39,136,2025-06-29,2025-07-13,2025-07-18,returned,Жить мрачно,4,6,4,1999,978-1-71756-551-8,3,Триллер,Афанасий,Овчинникова,nadezhdapahomova@example.org,8 267 658 61 79,2024-10-11,Афанасий Овчинникова
267,10,30,2026-07-18,2026-08-01,,overdue,Результат каюта,19,2,9,2011,978-1-990162-72-5,10,Детектив,Натан,Морозова,qdavidov@example.net,+7 (317) 393-6385,2023-10-26,Натан Морозова
268,45,56,2026-04-25,2026-05-09,2026-05-09,returned,Медицина место салон,15,9,1,1984,978-1-77378-263-8,1,Ужасы,Онуфрий,Агафонов,agafonovonufri@example.com,+7 (654) 793-56-46,2025-05-04,Онуфрий Агафонов
269,2,87,2025-10-25,2025-11-08,,overdue,Степь ребятишки сбросить,1,7,4,1963,978-0-8317-2788-8,6,Нон-фикшн,Евлампий,Соболева,kir_1978@example.net,8 206 436 1103,2026-04-24,Евлампий Соболева
270,56,107,2024-12-28,2025-01-11,,overdue,Пропадать падать,3,6,10,2001,978-1-07-482175-3,6,Триллер,Фаина,Герасимов,sigizmund1990@example.com,+74518705349,2023-09-22,Фаина Герасимов
271,40,110,2026-04-07,2026-04-21,2026-04-22,returned,Рота порода монета,12,5,1,2012,978-1-67468-071-2,3,Фэнтези,Ростислав,Сазонов,anisim_04@example.com,+7 383 670 24 10,2024-04-20,Ростислав Сазонов
272,28,40,2025-05-15,2025-05-29,2025-06-08,returned,Рис пятеро,1,6,8,2015,978-1-77520-471-8,9,Триллер,Оксана,Николаева,terentevratmir@example.org,+7 567 933 41 01,2026-07-27,Оксана Николаева
273,63,24,2025-11-27,2025-12-11,,overdue,Намерение академик степь,13,1,2,1970,978-1-85160-481-4,10,Фантастика,Аверьян,Юдина,ladislavilin@example.org,+72836440892,2025-04-26,Аверьян Юдина
274,73,111,2026-06-10,2026-06-24,2026-06-26,returned,Мальчишка жить приходить,20,1,6,1965,978-1-02-681177-1,5,Фантастика,Раиса,Волкова,konon2006@example.org,+7 (865) 719-1826,2026-01-15,Раиса Волкова
275,50,143,2026-01-23,2026-02-06,2026-02-08,returned,Издали пересечь,18,2,5,2011,978-1-187-02621-2,7,Детектив,Конон,Наумова,julian73@example.org,8 (741) 862-56-52,2025-08-04,Конон Наумова
276,41,106,2026-06-24,2026-07-08,2026-07-13,returned,Самостоятельно инструкция слишком,12,2,2,2001,978-1-5168-0876-2,10,Детектив,Демьян,Воробьева,evgraf_27@example.net,8 180 238 0617,2024-10-26,Демьян Воробьева
277,51,74,2026-05-23,2026-06-06,2026-06-08,returned,Самостоятельно кузнец,10,1,8,1960,978-1-59615-865-8,8,Фантастика,Леонид,Сорокин,medvedevvisheslav@example.org,8 887 676 77 21,2023-11-08,Леонид Сорокин
278,34,148,2026-02-25,2026-03-11,2026-03-11,returned,Передо пробовать заработать,7,2,1,2002,978-1-134-93618-2,5,Детектив,Чеслав,Тимофеев,natan_1996@example.com,+7 (061) 632-94-51,2025-04-18,Чеслав Тимофеев
279,24,58,2026-07-03,2026-07-17,,overdue,Соответствие порт,8,8,7,2009,978-1-57444-313-4,7,Поэзия,Любосмысл,Прохоров,baranovaeleonora@example.net,8 (416) 724-34-26,2025-10-21,Любосмысл Прохоров
280,8,143,2025-08-20,2025-09-03,2025-09-04,returned,Разнообразный чем,18,6,8,1995,978-1-68893-734-5,6,Триллер,Конон,Наумова,julian73@example.org,8 (741) 862-56-52,2025-08-04,Конон Наумова
281,4,58,2026-07-25,2026-08-08,,overdue,Пространство пастух спорт,8,10,4,2011,978-0-487-34714-0,1,Биография,Любосмысл,Прохоров,baranovaeleonora@example.net,8 (416) 724-34-26,2025-10-21,Любосмысл Прохоров
282,58,143,2024-11-05,2024-11-19,2024-11-20,returned,Засунуть хозяйка,8,9,4,2016,978-1-944064-09-9,10,Ужасы,Конон,Наумова,julian73@example.org,8 (741) 862-56-52,2025-08-04,Конон Наумова
283,32,47,2026-06-30,2026-07-14,2026-07-15,returned,Рот передо,9,1,2,2015,978-0-341-23281-0,1,Фантастика,Фирс,Зыков,dorofe_77@example.com,8 629 619 43 11,2024-12-21,Фирс Зыков
284,75,90,2025-06-25,2025-07-09,2025-07-09,returned,Ремень конструкция,18,5,4,2020,978-0-7661-7711-6,9,Фэнтези,Милий,Романов,glafiraprohorova@example.net,+72622189092,2023-09-27,Милий Романов
285,77,103,2025-07-18,2025-08-01,2025-07-29,returned,Сустав потом конструкция,6,9,4,2018,978-1-896118-36-9,6,Ужасы,Светлана,Овчинникова,iosif1979@example.org,+7 792 524 1913,2024-09-15,Светлана Овчинникова
286,73,136,2024-09-14,2024-09-28,2024-10-03,returned,Мальчишка жить приходить,20,1,6,1965,978-1-02-681177-1,5,Фантастика,Афанасий,Овчинникова,nadezhdapahomova@example.org,8 267 658 61 79,2024-10-11,Афанасий Овчинникова
287,68,88,2024-09-28,2024-10-12,2024-10-13,returned,Госпожа недостаток,12,7,8,1999,978-1-7351585-0-1,7,Нон-фикшн,Фёкла,Быкова,juri81@example.net,8 (129) 387-00-51,2024-02-19,Фёкла Быкова
288,44,146,2025-03-01,2025-03-15,2025-03-12,returned,Правление рот человечек мелькнуть,2,5,2,1976,978-1-131-71274-1,3,Фэнтези,Будимир,Рябова,milen2008@example.net,8 879 374 16 08,2025-10-27,Будимир Рябова
289,79,41,2025-12-31,2026-01-14,,overdue,Способ левый гулять,13,2,8,1984,978-1-5271-1116-5,2,Детектив,Андроник,Филиппов,egor03@example.org,8 668 700 21 76,2026-07-09,Андроник Филиппов
290,51,21,2024-08-19,2024-09-02,2024-09-07,returned,Самостоятельно кузнец,10,1,8,1960,978-1-59615-865-8,8,Фантастика,Корнил,Ильин,sokolovisa@example.org,+7 (106) 903-3119,2026-03-13,Корнил Ильин
291,47,114,2026-02-08,2026-02-22,2026-02-22,returned,Покидать исполнять,4,8,2,2008,978-0-7875-5886-4,9,Поэзия,Фока,Владимиров,korlov@example.net,+7 277 561 85 37,2026-05-12,Фока Владимиров
292,60,30,2026-06-15,2026-06-29,2026-06-28,returned,Остановить вперед,3,8,7,1987,978-0-04-709521-4,1,Поэзия,Натан,Морозова,qdavidov@example.net,+7 (317) 393-6385,2023-10-26,Натан Морозова
293,71,125,2026-01-18,2026-02-01,2026-02-02,returned,Боец,9,4,1,1978,978-1-290-42284-0,8,Классика,Потап,Егоров,gremislav_69@example.net,+7 785 932 1334,2025-08-16,Потап Егоров
294,48,57,2025-09-21,2025-10-05,2025-10-02,returned,Тюрьма парень разуметься,13,1,9,1982,978-1-339-63605-4,4,Фантастика,Адриан,Титов,pelageja_2016@example.org,8 193 982 8073,2025-09-01,Адриан Титов
295,1,53,2026-03-29,2026-04-12,2026-04-12,returned,Кольцо основание,4,1,5,1988,978-1-320-16328-6,7,Фантастика,Панкратий,Елисеева,smironov@example.com,+76471543799,2024-05-28,Панкратий Елисеева
296,54,66,2026-03-10,2026-03-24,2026-03-23,returned,Увеличиваться плод лететь,19,2,3,1986,978-1-238-69222-9,6,Детектив,Вацлав,Артемьева,nikanor_2008@example.org,8 (258) 673-6226,2025-04-28,Вацлав Артемьева
297,1,128,2025-10-31,2025-11-14,,overdue,Кольцо основание,4,1,5,1988,978-1-320-16328-6,7,Фантастика,Пров,Капустин,saveli05@example.com,+72701039308,2024-05-06,Пров Капустин
298,13,34,2026-01-12,2026-01-26,2026-01-26,returned,Угодный тяжелый мягкий,1,3,8,1974,978-0-330-92327-9,3,Роман,Сидор,Горшков,kalashnikovamarija@example.com,8 937 854 77 72,2023-09-11,Сидор Горшков
299,55,144,2026-06-19,2026-07-03,,overdue,Неожиданно поколение,7,8,10,2015,978-1-937923-74-7,5,Поэзия,Бажен,Осипова,fedosi43@example.com,8 (047) 743-49-02,2024-11-22,Бажен Осипова
300,16,19,2025-09-17,2025-10-01,2025-09-28,returned,Спасть кожа,8,6,5,1993,978-0-491-90586-2,2,Триллер,Таисия,Антонов,irina2026@example.org,8 128 682 3004,2024-03-21,Таисия Антонов
301,14,5,2025-09-20,2025-10-04,2025-10-03,returned,Казнь райком набор,3,7,9,1993,978-0-7452-9912-9,8,Нон-фикшн,Степан,Кошелева,modestlarionov@example.net,+7 672 400 4991,2025-11-20,Степан Кошелева
302,40,148,2026-01-26,2026-02-09,2026-02-14,returned,Рота порода монета,12,5,1,2012,978-1-67468-071-2,3,Фэнтези,Чеслав,Тимофеев,natan_1996@example.com,+7 (061) 632-94-51,2025-04-18,Чеслав Тимофеев
303,5,75,2026-02-05,2026-02-19,2026-02-16,returned,Идея разнообразный миллиард ныне,8,7,10,2002,978-1-55812-236-9,5,Нон-фикшн,Олимпиада,Пономарева,aleksandr1994@example.net,80340438427,2024-09-01,Олимпиада Пономарева
304,44,44,2025-12-03,2025-12-17,,overdue,Правление рот человечек мелькнуть,2,5,2,1976,978-1-131-71274-1,3,Фэнтези,Родион,Гордеева,kononefimov@example.org,8 142 939 68 56,2024-03-06,Родион Гордеева
305,78,118,2025-07-12,2025-07-26,,overdue,Идея сутки,15,10,9,2013,978-0-657-66156-4,7,Биография,Ангелина,Котов,gusevvaleri@example.com,+7 323 651 9941,2024-10-02,Ангелина Котов
306,26,23,2025-08-19,2025-09-02,2025-09-01,returned,Забирать тута художественный отъезд,19,6,8,1992,978-0-343-52408-1,10,Триллер,Виссарион,Ершов,panfil_1977@example.com,+7 284 395 9953,2026-07-23,Виссарион Ершов
307,37,112,2025-05-05,2025-05-19,2025-05-18,returned,Еврейский,3,4,4,1998,978-0-906594-01-8,6,Классика,Феоктист,Владимиров,gorbunovvsevolod@example.com,+7 990 623 44 56,2024-07-08,Феоктист Владимиров
308,43,80,2026-01-07,2026-01-21,,overdue,Рассуждение строительство сверкающий,9,6,4,1997,978-1-77109-324-8,2,Триллер,Давыд,Орехов,savelevruben@example.net,+7 (544) 948-12-60,2026-08-09,Давыд Орехов
309,18,86,2024-12-03,2024-12-17,,overdue,Ремень рай,20,4,10,1973,978-0-628-49877-9,9,Классика,Сократ,Осипов,bogdan43@example.net,+7 632 424 1541,2025-04-18,Сократ Осипов
310,66,131,2024-08-19,2024-09-02,2024-09-02,returned,Металл блин,12,1,7,1971,978-1-113-82675-6,5,Фантастика,Кир,Медведев,antoninloginov@example.com,8 452 267 5289,2024-07-23,Кир Медведев
311,8,90,2025-12-22,2026-01-05,,overdue,Разнообразный чем,18,6,8,1995,978-1-68893-734-5,6,Триллер,Милий,Романов,glafiraprohorova@example.net,+72622189092,2023-09-27,Милий Романов
312,64,61,2025-09-06,2025-09-20,2025-09-21,returned,Сверкать некоторый мелькнуть,9,2,7,1996,978-1-4965-1370-0,1,Детектив,Родион,Щербакова,eliseevaviktorija@example.net,86561014388,2025-10-19,Родион Щербакова
313,70,45,2026-05-31,2026-06-14,2026-06-13,returned,Механический привлекать грустный вскакивать,7,3,2,1985,978-0-293-18393-2,10,Роман,Бажен,Воронцов,kim_15@example.com,+7 (185) 016-31-59,2024-11-19,Бажен Воронцов
314,13,127,2025-08-09,2025-08-23,2025-09-02,returned,Угодный тяжелый мягкий,1,3,8,1974,978-0-330-92327-9,3,Роман,Рюрик,Степанов,selivan_2018@example.net,8 905 992 9378,2026-05-12,Рюрик Степанов
315,77,83,2026-06-02,2026-06-16,,overdue,Сустав потом конструкция,6,9,4,2018,978-1-896118-36-9,6,Ужасы,Алевтина,Гаврилова,nikonovavarvara@example.net,8 (590) 175-18-63,2025-03-05,Алевтина Гаврилова
316,40,39,2026-06-16,2026-06-30,2026-07-10,returned,Рота порода монета,12,5,1,2012,978-1-67468-071-2,3,Фэнтези,Никон,Виноградова,akulina1982@example.org,+7 823 398 45 46,2025-09-12,Никон Виноградова
317,21,78,2024-12-16,2024-12-30,,overdue,Руководитель июнь,7,7,9,2000,978-1-948083-13-3,5,Нон-фикшн,Мариан,Гордеева,stepan1997@example.com,8 171 339 5962,2023-10-28,Мариан Гордеева
318,35,15,2026-03-16,2026-03-30,2026-03-29,returned,Покидать хлеб,11,10,10,2000,978-0-421-02499-1,5,Биография,Ладислав,Носков,afanasevapraskovja@example.com,8 (187) 072-86-79,2023-10-08,Ладислав Носков
319,27,119,2025-08-26,2025-09-09,2025-09-06,returned,Спасть карандаш космос,9,5,9,1965,978-1-00-842710-5,10,Фэнтези,Александра,Федосеев,martjan_85@example.org,+7 137 215 1070,2026-05-19,Александра Федосеев
320,28,74,2025-04-16,2025-04-30,2025-04-29,returned,Рис пятеро,1,6,8,2015,978-1-77520-471-8,9,Триллер,Леонид,Сорокин,medvedevvisheslav@example.org,8 887 676 77 21,2023-11-08,Леонид Сорокин
321,74,130,2025-02-13,2025-02-27,2025-02-24,returned,Новый коробка,6,10,2,1991,978-0-7839-0847-2,4,Биография,Лазарь,Моисеева,kirillovaolimpiada@example.com,+7 (921) 851-56-91,2023-08-24,Лазарь Моисеева
322,30,147,2025-04-24,2025-05-08,2025-05-10,returned,Прежде промолчать,14,7,4,1985,978-0-18-699938-1,10,Нон-фикшн,Юрий,Ситников,konstantin19@example.net,88992172233,2026-04-05,Юрий Ситников
323,59,122,2025-03-14,2025-03-28,2025-03-25,returned,Желание военный палата,10,10,8,2016,978-1-4395-3394-9,2,Биография,Агата,Лыткин,lorabragina@example.com,8 (687) 014-62-63,2023-09-11,Агата Лыткин
324,30,27,2024-09-18,2024-10-02,,overdue,Прежде промолчать,14,7,4,1985,978-0-18-699938-1,10,Нон-фикшн,Петр,Зимин,agge_2013@example.net,8 (668) 826-3435,2025-01-06,Петр Зимин
325,75,22,2025-10-11,2025-10-25,2025-10-25,returned,Ремень конструкция,18,5,4,2020,978-0-7661-7711-6,9,Фэнтези,Макар,Мясников,taisijasubbotina@example.net,+7 790 306 7383,2026-07-03,Макар Мясников
326,48,64,2025-12-22,2026-01-05,,overdue,Тюрьма парень разуметься,13,1,9,1982,978-1-339-63605-4,4,Фантастика,Бронислав,Селезнев,nikon_54@example.org,8 738 757 1775,2024-12-06,Бронислав Селезнев
327,21,135,2025-06-19,2025-07-03,2025-07-03,returned,Руководитель июнь,7,7,9,2000,978-1-948083-13-3,5,Нон-фикшн,Сильвестр,Шубина,bikovalarisa@example.com,+73315410067,2026-05-05,Сильвестр Шубина
328,26,96,2026-05-06,2026-05-20,,overdue,Забирать тута художественный отъезд,19,6,8,1992,978-0-343-52408-1,10,Триллер,Галактион,Прохоров,afanasi2016@example.org,+7 (710) 910-43-00,2024-05-12,Галактион Прохоров
329,42,105,2024-10-10,2024-10-24,,overdue,Металл назначить ложиться,20,6,1,2011,978-0-85977-034-7,7,Триллер,Афиноген,Якушева,kchernov@example.com,+7 863 536 5419,2023-12-29,Афиноген Якушева
330,49,14,2025-07-21,2025-08-04,,overdue,Разводить прежний чувство,3,10,4,1998,978-1-62702-895-0,7,Биография,Елизар,Мельников,milen1971@example.com,+7 (982) 258-7139,2025-08-14,Елизар Мельников
331,67,17,2024-10-17,2024-10-31,2024-11-05,returned,Домашний головка экзамен,6,5,7,1990,978-0-617-96405-6,8,Фэнтези,Тамара,Селиверстов,aleksefilippov@example.org,+7 651 801 7046,2024-10-11,Тамара Селиверстов
332,71,65,2026-06-06,2026-06-20,,overdue,Боец,9,4,1,1978,978-1-290-42284-0,8,Классика,Поликарп,Воронова,kozlovdorofe@example.com,+7 401 051 23 82,2025-10-06,Поликарп Воронова
333,59,39,2025-07-23,2025-08-06,2025-08-06,returned,Желание военный палата,10,10,8,2016,978-1-4395-3394-9,2,Биография,Никон,Виноградова,akulina1982@example.org,+7 823 398 45 46,2025-09-12,Никон Виноградова
334,8,80,2025-04-12,2025-04-26,,overdue,Разнообразный чем,18,6,8,1995,978-1-68893-734-5,6,Триллер,Давыд,Орехов,savelevruben@example.net,+7 (544) 948-12-60,2026-08-09,Давыд Орехов
335,43,34,2025-08-31,2025-09-14,2025-09-13,returned,Рассуждение строительство сверкающий,9,6,4,1997,978-1-77109-324-8,2,Триллер,Сидор,Горшков,kalashnikovamarija@example.com,8 937 854 77 72,2023-09-11,Сидор Горшков
336,27,144,2026-03-11,2026-03-25,2026-03-27,returned,Спасть карандаш космос,9,5,9,1965,978-1-00-842710-5,10,Фэнтези,Бажен,Осипова,fedosi43@example.com,8 (047) 743-49-02,2024-11-22,Бажен Осипова
337,50,135,2025-12-30,2026-01-13,2026-01-18,returned,Издали пересечь,18,2,5,2011,978-1-187-02621-2,7,Детектив,Сильвестр,Шубина,bikovalarisa@example.com,+73315410067,2026-05-05,Сильвестр Шубина
338,60,93,2024-08-23,2024-09-06,2024-09-07,returned,Остановить вперед,3,8,7,1987,978-0-04-709521-4,1,Поэзия,Гедеон,Ситников,filimonaksenov@example.net,8 (999) 404-3898,2025-09-08,Гедеон Ситников
339,29,55,2024-10-28,2024-11-11,2024-11-21,returned,Висеть инструкция демократия,6,3,2,1960,978-1-71902-294-1,1,Роман,Викентий,Филиппова,ohohlov@example.org,8 (569) 245-93-75,2024-07-04,Викентий Филиппова
340,53,58,2025-06-19,2025-07-03,,overdue,Экзамен приходить,12,3,9,1996,978-1-240-05045-1,3,Роман,Любосмысл,Прохоров,baranovaeleonora@example.net,8 (416) 724-34-26,2025-10-21,Любосмысл Прохоров
341,79,20,2024-09-06,2024-09-20,2024-09-19,returned,Способ левый гулять,13,2,8,1984,978-1-5271-1116-5,2,Детектив,Ираклий,Субботина,prohor2011@example.org,8 (868) 633-75-24,2026-03-28,Ираклий Субботина
342,55,139,2025-10-16,2025-10-30,,overdue,Неожиданно поколение,7,8,10,2015,978-1-937923-74-7,5,Поэзия,Радислав,Воробьев,reginanikitina@example.net,+7 629 620 1533,2025-02-02,Радислав Воробьев
343,15,10,2026-05-13,2026-05-27,2026-05-27,returned,Неправда куча руководитель пропадать,7,9,3,1982,978-0-904966-31-2,4,Ужасы,Николай,Одинцова,moke2007@example.org,89045301742,2026-05-24,Николай Одинцова
344,49,97,2024-10-19,2024-11-02,2024-11-02,returned,Разводить прежний чувство,3,10,4,1998,978-1-62702-895-0,7,Биография,Исай,Кулагина,ninelaksenova@example.com,8 848 666 18 89,2025-08-17,Исай Кулагина
345,78,43,2026-04-16,2026-04-30,,overdue,Идея сутки,15,10,9,2013,978-0-657-66156-4,7,Биография,Адам,Кононов,ippolit1972@example.net,+7 489 025 03 92,2024-07-30,Адам Кононов
346,48,106,2026-07-02,2026-07-16,2026-07-16,returned,Тюрьма парень разуметься,13,1,9,1982,978-1-339-63605-4,4,Фантастика,Демьян,Воробьева,evgraf_27@example.net,8 180 238 0617,2024-10-26,Демьян Воробьева
347,21,73,2025-09-08,2025-09-22,,overdue,Руководитель июнь,7,7,9,2000,978-1-948083-13-3,5,Нон-фикшн,Николай,Харитонов,majapanfilova@example.org,+7 (257) 905-07-23,2024-06-17,Николай Харитонов
348,30,60,2025-12-31,2026-01-14,2026-01-15,returned,Прежде промолчать,14,7,4,1985,978-0-18-699938-1,10,Нон-фикшн,Ян,Кудрявцева,mihedenisov@example.com,+7 589 113 5290,2023-11-06,Ян Кудрявцева
349,19,50,2026-01-13,2026-01-27,2026-02-06,returned,Белье холодно,1,8,7,2015,978-1-5314-7379-2,6,Поэзия,Онуфрий,Щербакова,sofijaanisimova@example.com,8 (610) 158-1995,2026-03-07,Онуфрий Щербакова
350,9,73,2025-07-30,2025-08-13,,overdue,Встать следовательно,3,8,2,2004,978-1-06-562729-6,2,Поэзия,Николай,Харитонов,majapanfilova@example.org,+7 (257) 905-07-23,2024-06-17,Николай Харитонов
351,55,136,2025-05-19,2025-06-02,2025-06-02,returned,Неожиданно поколение,7,8,10,2015,978-1-937923-74-7,5,Поэзия,Афанасий,Овчинникова,nadezhdapahomova@example.org,8 267 658 61 79,2024-10-11,Афанасий Овчинникова
352,70,36,2026-05-13,2026-05-27,,overdue,Механический привлекать грустный вскакивать,7,3,2,1985,978-0-293-18393-2,10,Роман,Глафира,Шашков,ilarion_19@example.net,+7 062 312 0387,2024-11-23,Глафира Шашков
353,51,124,2026-05-06,2026-05-20,,overdue,Самостоятельно кузнец,10,1,8,1960,978-1-59615-865-8,8,Фантастика,Георгий,Савельев,visheslav_1992@example.net,8 (564) 205-9304,2023-08-24,Георгий Савельев
354,45,27,2026-05-27,2026-06-10,,overdue,Медицина место салон,15,9,1,1984,978-1-77378-263-8,1,Ужасы,Петр,Зимин,agge_2013@example.net,8 (668) 826-3435,2025-01-06,Петр Зимин
355,65,32,2025-04-24,2025-05-08,2025-05-08,returned,Командующий мера возникновение,15,8,6,2002,978-0-17-461200-1,2,Поэзия,Ксения,Коновалов,tihon_2004@example.net,+7 753 556 09 32,2024-10-01,Ксения Коновалов
356,62,116,2025-10-19,2025-11-02,,overdue,Рабочий пасть,4,4,2,1981,978-0-474-51712-9,3,Классика,Екатерина,Денисов,blinovsilanti@example.com,+7 (135) 680-44-20,2026-06-28,Екатерина Денисов
357,64,112,2026-02-17,2026-03-03,2026-03-03,returned,Сверкать некоторый мелькнуть,9,2,7,1996,978-1-4965-1370-0,1,Детектив,Феоктист,Владимиров,gorbunovvsevolod@example.com,+7 990 623 44 56,2024-07-08,Феоктист Владимиров
358,30,90,2026-01-02,2026-01-16,,overdue,Прежде промолчать,14,7,4,1985,978-0-18-699938-1,10,Нон-фикшн,Милий,Романов,glafiraprohorova@example.net,+72622189092,2023-09-27,Милий Романов
359,5,14,2026-02-17,2026-03-03,2026-03-05,returned,Идея разнообразный миллиард ныне,8,7,10,2002,978-1-55812-236-9,5,Нон-фикшн,Елизар,Мельников,milen1971@example.com,+7 (982) 258-7139,2025-08-14,Елизар Мельников
360,31,99,2025-07-27,2025-08-10,,overdue,Князь пропасть передо,11,4,4,2006,978-1-74964-990-3,5,Классика,Дементий,Громова,larisasamolova@example.net,81463031617,2025-12-14,Дементий Громова
361,28,58,2024-10-24,2024-11-07,2024-11-06,returned,Рис пятеро,1,6,8,2015,978-1-77520-471-8,9,Триллер,Любосмысл,Прохоров,baranovaeleonora@example.net,8 (416) 724-34-26,2025-10-21,Любосмысл Прохоров
362,67,38,2026-03-22,2026-04-05,2026-04-06,returned,Домашний головка экзамен,6,5,7,1990,978-0-617-96405-6,8,Фэнтези,Аскольд,Богданова,angelina_27@example.net,+7 084 840 8621,2024-10-19,Аскольд Богданова
363,19,36,2026-01-03,2026-01-17,,overdue,Белье холодно,1,8,7,2015,978-1-5314-7379-2,6,Поэзия,Глафира,Шашков,ilarion_19@example.net,+7 062 312 0387,2024-11-23,Глафира Шашков
364,19,115,2024-08-11,2024-08-25,2024-08-24,returned,Белье холодно,1,8,7,2015,978-1-5314-7379-2,6,Поэзия,Прохор,Орехов,mitofanzhdanov@example.com,+77411249035,2024-07-25,Прохор Орехов
365,23,66,2025-05-02,2025-05-16,2025-05-16,returned,Ведь появление палец,14,1,5,1974,978-1-349-57885-6,4,Фантастика,Вацлав,Артемьева,nikanor_2008@example.org,8 (258) 673-6226,2025-04-28,Вацлав Артемьева
366,45,136,2025-05-12,2025-05-26,2025-05-27,returned,Медицина место салон,15,9,1,1984,978-1-77378-263-8,1,Ужасы,Афанасий,Овчинникова,nadezhdapahomova@example.org,8 267 658 61 79,2024-10-11,Афанасий Овчинникова
367,31,78,2026-05-16,2026-05-30,2026-05-30,returned,Князь пропасть передо,11,4,4,2006,978-1-74964-990-3,5,Классика,Мариан,Гордеева,stepan1997@example.com,8 171 339 5962,2023-10-28,Мариан Гордеева
368,5,118,2025-12-15,2025-12-29,2026-01-08,returned,Идея разнообразный миллиард ныне,8,7,10,2002,978-1-55812-236-9,5,Нон-фикшн,Ангелина,Котов,gusevvaleri@example.com,+7 323 651 9941,2024-10-02,Ангелина Котов
369,49,138,2026-04-23,2026-05-07,2026-05-07,returned,Разводить прежний чувство,3,10,4,1998,978-1-62702-895-0,7,Биография,Роман,Воробьева,nina2019@example.org,8 262 181 5997,2025-03-17,Роман Воробьева
370,64,75,2025-03-24,2025-04-07,2025-04-09,returned,Сверкать некоторый мелькнуть,9,2,7,1996,978-1-4965-1370-0,1,Детектив,Олимпиада,Пономарева,aleksandr1994@example.net,80340438427,2024-09-01,Олимпиада Пономарева
371,31,147,2025-10-09,2025-10-23,2025-10-22,returned,Князь пропасть передо,11,4,4,2006,978-1-74964-990-3,5,Классика,Юрий,Ситников,konstantin19@example.net,88992172233,2026-04-05,Юрий Ситников
372,15,93,2025-09-19,2025-10-03,2025-09-30,returned,Неправда куча руководитель пропадать,7,9,3,1982,978-0-904966-31-2,4,Ужасы,Гедеон,Ситников,filimonaksenov@example.net,8 (999) 404-3898,2025-09-08,Гедеон Ситников
373,42,121,2025-05-27,2025-06-10,2025-06-15,returned,Металл назначить ложиться,20,6,1,2011,978-0-85977-034-7,7,Триллер,Любомир,Наумова,andron_1973@example.org,+7 (447) 209-99-34,2025-10-16,Любомир Наумова
374,28,65,2026-02-06,2026-02-20,,overdue,Рис пятеро,1,6,8,2015,978-1-77520-471-8,9,Триллер,Поликарп,Воронова,kozlovdorofe@example.com,+7 401 051 23 82,2025-10-06,Поликарп Воронова
375,16,18,2024-09-14,2024-09-28,2024-09-27,returned,Спасть кожа,8,6,5,1993,978-0-491-90586-2,2,Триллер,Всеслав,Козлова,galaktion_20@example.com,+7 (265) 676-61-82,2025-04-27,Всеслав Козлова
376,6,86,2026-07-07,2026-07-21,2026-07-23,returned,Увеличиваться спичка мотоцикл хлеб,5,10,2,1995,978-0-16-658760-7,10,Биография,Сократ,Осипов,bogdan43@example.net,+7 632 424 1541,2025-04-18,Сократ Осипов
377,33,87,2024-12-15,2024-12-29,,overdue,Низкий вздрогнуть,5,9,6,1968,978-0-679-74034-6,3,Ужасы,Евлампий,Соболева,kir_1978@example.net,8 206 436 1103,2026-04-24,Евлампий Соболева
378,13,119,2024-11-27,2024-12-11,,overdue,Угодный тяжелый мягкий,1,3,8,1974,978-0-330-92327-9,3,Роман,Александра,Федосеев,martjan_85@example.org,+7 137 215 1070,2026-05-19,Александра Федосеев
379,24,47,2024-11-01,2024-11-15,,overdue,Соответствие порт,8,8,7,2009,978-1-57444-313-4,7,Поэзия,Фирс,Зыков,dorofe_77@example.com,8 629 619 43 11,2024-12-21,Фирс Зыков
380,63,118,2025-11-27,2025-12-11,2025-12-11,returned,Намерение академик степь,13,1,2,1970,978-1-85160-481-4,10,Фантастика,Ангелина,Котов,gusevvaleri@example.com,+7 323 651 9941,2024-10-02,Ангелина Котов
381,48,52,2025-01-09,2025-01-23,,overdue,Тюрьма парень разуметься,13,1,9,1982,978-1-339-63605-4,4,Фантастика,Алла,Орлов,lev79@example.net,8 224 447 21 26,2023-12-27,Алла Орлов
382,40,80,2024-11-11,2024-11-25,2024-12-05,returned,Рота порода монета,12,5,1,2012,978-1-67468-071-2,3,Фэнтези,Давыд,Орехов,savelevruben@example.net,+7 (544) 948-12-60,2026-08-09,Давыд Орехов
383,38,10,2026-08-02,2026-08-16,,active,Скользить торговля,13,4,10,2024,978-0-490-27874-5,1,Классика,Николай,Одинцова,moke2007@example.org,89045301742,2026-05-24,Николай Одинцова
384,53,74,2025-01-24,2025-02-07,2025-02-04,returned,Экзамен приходить,12,3,9,1996,978-1-240-05045-1,3,Роман,Леонид,Сорокин,medvedevvisheslav@example.org,8 887 676 77 21,2023-11-08,Леонид Сорокин
385,67,70,2025-07-30,2025-08-13,2025-08-15,returned,Домашний головка экзамен,6,5,7,1990,978-0-617-96405-6,8,Фэнтези,Олег,Данилова,bojan2025@example.net,8 792 499 1251,2023-09-24,Олег Данилова
386,14,103,2026-05-12,2026-05-26,,overdue,Казнь райком набор,3,7,9,1993,978-0-7452-9912-9,8,Нон-фикшн,Светлана,Овчинникова,iosif1979@example.org,+7 792 524 1913,2024-09-15,Светлана Овчинникова
387,42,87,2026-02-17,2026-03-03,,overdue,Металл назначить ложиться,20,6,1,2011,978-0-85977-034-7,7,Триллер,Евлампий,Соболева,kir_1978@example.net,8 206 436 1103,2026-04-24,Евлампий Соболева
388,52,128,2024-11-01,2024-11-15,2024-11-16,returned,Нервно руководитель,20,8,4,1998,978-0-913431-61-0,6,Поэзия,Пров,Капустин,saveli05@example.com,+72701039308,2024-05-06,Пров Капустин
389,72,109,2026-03-21,2026-04-04,2026-04-04,returned,Крыса низкий развитый,3,1,7,1963,978-0-02-053950-6,7,Фантастика,Семен,Громова,ilarion1984@example.net,+7 603 850 5064,2023-10-27,Семен Громова
390,33,76,2025-06-27,2025-07-11,2025-07-10,returned,Низкий вздрогнуть,5,9,6,1968,978-0-679-74034-6,3,Ужасы,Мартьян,Шестакова,ruslan_82@example.net,87881914858,2023-10-01,Мартьян Шестакова
391,44,76,2024-09-15,2024-09-29,2024-10-04,returned,Правление рот человечек мелькнуть,2,5,2,1976,978-1-131-71274-1,3,Фэнтези,Мартьян,Шестакова,ruslan_82@example.net,87881914858,2023-10-01,Мартьян Шестакова
392,7,114,2026-07-30,2026-08-13,2026-08-10,returned,Металл,4,3,2,1968,978-1-69096-705-7,5,Роман,Фока,Владимиров,korlov@example.net,+7 277 561 85 37,2026-05-12,Фока Владимиров
393,16,112,2025-12-14,2025-12-28,2025-12-25,returned,Спасть кожа,8,6,5,1993,978-0-491-90586-2,2,Триллер,Феоктист,Владимиров,gorbunovvsevolod@example.com,+7 990 623 44 56,2024-07-08,Феоктист Владимиров
394,66,104,2026-05-22,2026-06-05,2026-06-05,returned,Металл блин,12,1,7,1971,978-1-113-82675-6,5,Фантастика,Валерия,Карпова,kalininamarija@example.net,8 (000) 307-5622,2026-07-16,Валерия Карпова
395,32,37,2026-01-14,2026-01-28,,overdue,Рот передо,9,1,2,2015,978-0-341-23281-0,1,Фантастика,Мина,Шашков,vsevolod_05@example.net,8 099 770 0886,2024-12-06,Мина Шашков
396,21,9,2026-04-01,2026-04-15,2026-04-15,returned,Руководитель июнь,7,7,9,2000,978-1-948083-13-3,5,Нон-фикшн,Ефим,Мясников,zojazatseva@example.net,8 (530) 463-74-54,2025-03-28,Ефим Мясников
397,26,93,2026-07-03,2026-07-17,2026-07-14,returned,Забирать тута художественный отъезд,19,6,8,1992,978-0-343-52408-1,10,Триллер,Гедеон,Ситников,filimonaksenov@example.net,8 (999) 404-3898,2025-09-08,Гедеон Ситников
398,59,40,2025-07-25,2025-08-08,2025-08-10,returned,Желание военный палата,10,10,8,2016,978-1-4395-3394-9,2,Биография,Оксана,Николаева,terentevratmir@example.org,+7 567 933 41 01,2026-07-27,Оксана Николаева
399,28,114,2025-07-31,2025-08-14,,overdue,Рис пятеро,1,6,8,2015,978-1-77520-471-8,9,Триллер,Фока,Владимиров,korlov@example.net,+7 277 561 85 37,2026-05-12,Фока Владимиров
400,4,36,2025-09-01,2025-09-15,2025-09-20,returned,Пространство пастух спорт,8,10,4,2011,978-0-487-34714-0,1,Биография,Глафира,Шашков,ilarion_19@example.net,+7 062 312 0387,2024-11-23,Глафира Шашков
